ResponseID,Control_1,Control_2_1,Control_2_2,Control_2_3,Control_2_4,Control_2_5,Control_2_6,Control_2_7,NeedforStructure_1,NeedforStructure_2,NeedforStructure_3,NeedforStructure_4,NeedforStructure_5,NeedforStructure_6,NeedforStructure_7,NeedforStructure_8,NeedforStructure_9,NeedforStructure_10,NeedforStructure_11,NeedforStructure_12,PolOrientation,RepDem,Dem_1_Q1,Dem_1_Q2,Dem_1_Q4,Dem_1_Q5,Dem_1_Q6,Dem_2_Q1,Dem_2_Q2,Dem_2_Q4,Dem_2_Q5,Dem_2_Q6,Dem_3_Q1,Dem_3_Q2,Dem_3_Q4,Dem_3_Q5,Dem_3_Q6,Dem_4_Q1,Dem_4_Q2,Dem_4_Q4,Dem_4_Q5,Dem_4_Q6,Dem_5_Q1,Dem_5_Q2,Dem_5_Q4,Dem_5_Q5,Dem_5_Q6,Dem_Age,Dem_Gender,Dem_Citizen,Dem_Ethnic,Dem_Race,Dem_MidEast,Dem_US,Dem_YearsInUS,Dem_News,Att_Q1,Att_Q2,Att_Q3,Att_Q4,Att_Q5,Rep_1_Q1,Rep_1_Q2,Rep_1_Q4,Rep_1_Q5,Rep_1_Q6,Rep_2_Q1,Rep_2_Q2,Rep_2_Q4,Rep_2_Q5,Rep_2_Q6,Rep_3_Q1,Rep_3_Q2,Rep_3_Q4,Rep_3_Q5,Rep_3_Q6,Rep_4_Q1,Rep_4_Q2,Rep_4_Q4,Rep_4_Q5,Rep_4_Q6,Rep_5_Q1,Rep_5_Q2,Rep_5_Q4,Rep_5_Q5,Rep_5_Q6,NeedforStructure,ScenarioScore,PolIdentStrength
R_0NEN1yPfoNZ1DaN,6,2,2,6,2,6,2,2,5,5,5,5,5,5,5,6,4,5,5,4,6,2,7,1,1,6,6,7,1,1,6,6,3,5,5,3,3,6,2,2,5,5,7,2,2,5,5,33,2,1,2,6,2,1,33,3,1,1,1,1,2, , , , , , , , , , , , , , , , , , , , , , , , , ,4.25,.390083043429284,6
R_0OFwJ4zqNeKhdm1,6,3,5,5,5,6,2,2,7,7,2,6,2,7,7,7,7,7,2,6,7,2,2,7,7,2,2,7,2,1,5,6,2,7,6,3,3,3,6,7,3,2,7,1,1,5,5,33,1,1,2,6,2,1,33,3,1,1,1,1,2, , , , , , , , , , , , , , , , , , , , , , , , , ,6.08333333333333,-.696486094164243,7
R_0T9JqRpPB240cuJ,3,3,2,3,4,5,4,3,3,2,3,4,5,4,3,4,5,4,3,2,4,2,7,5,3,4,2,2,3,4,6,6,4,3,4,3,3,3,3,4,3,2,3,3,4,2,5,30,1,1,1,1,2,1,30,3,1,1,1,1,2, , , , , , , , , , , , , , , , , , , , , , , , , ,3.83333333333333,-.591535834047545,4
R_10Cd5JBIjdDBavF,5,3,6,4,3,4,3,5,7,7,1,7,1,6,2,7,7,2,1,7,7,2,7,1,1,6,6,7,1,1,6,6,7,1,1,6,6,7,1,1,6,6,7,1,1,6,6,34,1,1,2,6,2,1,34,7,1,1,1,1,2, , , , , , , , , , , , , , , , , , , , , , , , , ,6.41666666666667,1.04127819941027,7
R_10HGDitRNIIr5lq,7,3,3,5,2,4,5,2,4,5,5,5,4,4,4,1,4,4,4,4,7,2,6,6,4,5,5,6,2,4,6,6,4,5,5,3,3,4,4,4,4,3,4,4,4,4,4,36,2,1,2,6,2,1,36,5,1,1,1,1,2, , , , , , , , , , , , , , , , , , , , , , , , , ,3.83333333333333,-.37662867731392,7
R_1BXGl0fqwgnrkVh,3,5,5,6,5,5,4,5,7,7,5,6,3,6,5,5,6,4,4,6,7,2,6,4,1,5,6,5,2,1,6,6,2,7,1,3,3,7,1,1,6,6,5,5,1,3,4,26,2,1,2,6,2,1,26,7,1,1,1,1,2, , , , , , , , , , , , , , , , , , , , , , , , , ,5.16666666666667,.163087976731175,7
R_1CarHMff5HamPmt,5,6,3,5,7,5,5,6,5,7,4,6,2,5,5,5,7,6,5,6,6,2,7,2,2,6,6,6,3,2,5,3,5,5,4,2,2,4,6,2,4,4,4,6,7,2,1,38,1,1,2,6,2,1,38,6,1,1,1,2,2, , , , , , , , , , , , , , , , , , , , , , , , , ,5.25,-.50192547283677,6
R_1Cgwil1DJJ8Funz,5,3,3,4,4,5,3,4,5,5,4,5,4,5,3,3,6,6,4,5,6,2,7,4,1,6,6,7,3,1,6,6,4,4,3,4,4,7,1,1,6,6,4,5,4,3,3,42,1,1,2,6,2,1,42,5,1,1,1,1,2, , , , , , , , , , , , , , , , , , , , , , , , , ,4.75,.257624186289698,6
R_1CjV30pyw36OHZM,6,1,1,6,1,6,2,1,6,6,3,6,3,6,6,6,6,6,6,6,4,2,7,4,1,5,5,7,2,1,6,6,4,4,3,4,4,7,2,1,6,6,7,4,1,5,5,55,2,1,2,6,2,1,55,7,1,1,1,2,2, , , , , , , , , , , , , , , , , , , , , , , , , ,5.16666666666667,.4826262167612,4
R_1DCIOL4U7WMTAm2,5,5,5,6,7,5,4,5,7,7,1,7,1,7,2,7,7,7,1,7,6,2,7,1,1,6,6,7,1,1,6,6,6,2,2,5,5,7,1,1,6,6,7,2,1,5,5,34,2,1,2,6,2,1,34,7,1,1,1,1,2, , , , , , , , , , , , , , , , , , , , , , , , , ,6.91666666666667,.841372437068385,6
R_1dishodHTfSSeYV,3,2,3,6,1,6,2,5,7,7,2,7,2,6,1,6,7,7,1,6,6,2,5,3,3,4,4,6,4,2,5,5,2,6,6,2,1,5,5,4,3,3,6,2,1,6,6,34,1,1,2,6,2,1,34,7,1,1,1,1,2, , , , , , , , , , , , , , , , , , , , , , , , , ,6.58333333333333,-.35285734329554,6
R_1DMF88x1g9gxJT6,5,5,5,5,5,5,3,5,6,6,5,5,2,7,2,5,6,6,2,7,4,1, , , , , , , , , , , , , , , , , , , , , , , , , ,35,1,1,2,6,2,1,35,3,1,1,1,1,2,5,5,4,4,3,3,5,5,4,4,7,3,5,6,5,6,3,4,4,4,5,6,5,3,3,5.75,-.505567487353611,4
R_1E5L7qy8EqDQage,5,2,2,6,2,6,2,2,5,5,3,6,2,6,2,3,6,6,3,5,6,2,7,2,1,6,6,7,2,1,6,6,3,6,3,3,3,5,3,2,3,3,4,5,2,3,3,39,2,1,2,6,1,1,39,7,1,1,1,1,2, , , , , , , , , , , , , , , , , , , , , , , , , ,5.33333333333333,-.0342844343591493,6
R_1Ed2hUymbun57Rh,6,5,2,7,1,7,2,2,4,4,5,5,5,5,4,5,6,4,4,5,2,1, , , , , , , , , , , , , , , , , , , , , , , , , ,49,1,1,1,8,2,1,49,5,1,1,1,1,2,7,1,1,6,6,7,1,1,6,6,7,1,1,6,6,7,1,1,6,6,7,1,1,6,6,4.33333333333333,1.04127819941027,6
R_1eDL6egaTeV3RJ9,5,5,3,2,3,5,3,4,6,6,2,7,3,6,2,4,5,5,3,6,5,2,5,3,1,4,4,4,3,1,4,4,5,3,1,4,4,6,3,1,4,5,4,5,1,3,3,50,1,1,2,6,2,1,50,5,1,1,1,1,2, , , , , , , , , , , , , , , , , , , , , , , , , ,5.58333333333333,-.0867508868511738,5
R_1EgmqI0cj0ZhYch,4,4,4,4,4,4,4,4,3,3,5,3,5,3,5,3,3,3,5,3,4,3, , , , , , , , , , , , , , , , , , , , , , , , , ,34,1,1,2,6,2,1,34,3,1,1,1,1,2,4,4,4,3,3,4,4,4,3,3,5,3,4,4,4,4,4,4,3,3,4,4,4,3,3,3, , 
R_1ePKq6Ocge1OmtJ,3,7,6,3,6,2,5,7,7,7,6,5,3,4,4,5,7,6,5,7,4,3, , , , , , , , , , , , , , , , , , , , , , , , , ,30,2,1,2,5,2,1,30,5,1,1,1,2,2,7,1,1,6,6,4,7,3,3,3,4,7,1,4,2,7,1,1,6,6,7,3,1,5,5,5.16666666666667, , 
R_1eUGfnEPGVJHsyu,5,2,2,6,3,6,2,3,5,5,3,5,2,5,3,4,5,5,4,5,7,2,5,3,3,4,5,6,2,2,5,6,5,5,6,2,2,4,5,4,3,3,6,2,2,5,5,55,1,1,2,6,2,1,55,7,1,1,1,1,2, , , , , , , , , , , , , , , , , , , , , , , , , ,4.91666666666667,-.241257068013967,7
R_1ezaARNWGL1MdAn,4,5,5,6,5,5,3,6,6,6,3,6,4,7,2,5,5,7,3,6,5,2,7,2,5,5,5,7,1,7,6,6,4,3,6,4,3,6,2,5,5,5,2,6,4,3,3,30,2,1,2,6,2,1,30,4,1,1,1,1,2, , , , , , , , , , , , , , , , , , , , , , , , , ,5.66666666666667,-.260512790206439,5
R_1f7zxryZxUn8rpr,6,5,3,5,4,6,6,5,4,5,5,4,6,4,6,4,3,6,4,6,6,2,6,5,4,3,3,6,5,4,4,3,5,6,2,3,2,3,5,3,2,5,6,3,5,3,2,31,1,1,2,6,2,1,31,4,1,1,1,1,2, , , , , , , , , , , , , , , , , , , , , , , , , ,3.91666666666667,-.697738451065155,6
R_1feXqrb3Arkzi0u,5,3,2,6,3,5,3,4,6,4,5,4,4,3,4,4,5,5,4,4,3,1, , , , , , , , , , , , , , , , , , , , , , , , , ,33,1,1,2,6,2,1,33,3,1,1,1,1,2,4,5,4,4,4,4,6,6,5,4,5,6,4,4,3,6,5,2,5,5,4,7,6,5,2,4.16666666666667,-.661804431202795,5
R_1fkiLTcBP2QRhbV,4,4,4,3,4,4,4,4,5,5,5,5,4,5,3,6,6,4,4,5,6,2,7,2,1,6,6,6,2,1,6,6,7,2,7,6,6,7,1,7,6,6,7,3,1,6,6,38,2,1,2,6,2,1,38,6,1,1,1,1,2, , , , , , , , , , , , , , , , , , , , , , , , , ,4.75,.65811880097315,6
R_1FxggObxjPfPTjp,5,5,3,5,2,5,3,4,5,3,2,3,4,2,3,2,3,2,4,2,4,1, , , , , , , , , , , , , , , , , , , , , , , , , ,28,1,1,2,6,1,1,28,5,1,1,1,1,2,4,4,5,1,3,4,3,5,2,3,5,4,3,2,2,5,4,3,2,4,4,4,5,2,1,3.41666666666667,-1.00668645639076,4
R_1GKbWyieK8vKHZr,6,2,2,6,3,6,3,1,7,6,4,5,2,6,1,3,7,6,2,6,3,1, , , , , , , , , , , , , , , , , , , , , , , , , ,30,1,1,2,6,2,1,30,7,1,1,1,1,2,2,7,6,1,1,2,7,4,2,1,4,5,3,3,2,1,7,7,1,1,3,6,2,3,1,5.75,-1.70694466821809,5
R_1gRRlvOeOy71sRb,3,5,5,3,4,4,3,5,6,6,3,6,3,6,2,5,5,6,3,6,5,3, , , , , , , , , , , , , , , , , , , , , , , , , ,26,2,1,2,6,2,1,26,5,1,1,1,1,2,5,3,3,4,4,3,3,2,3,3,6,5,4,5,5,4,4,3,4,3,5,5,2,4,5,5.58333333333333, , 
R_1gtMwe8QRZ4hxUW,4,4,4,6,6,5,4,3,3,4,4,3,5,5,6,4,3,5,5,6,5,2,6,5,5,5,5,5,6,6,4,3,5,2,5,5,2,5,2,6,5,2,5,5,3,5,2,25,1,1,2,5,1,1,25,5,1,1,1,2,2, , , , , , , , , , , , , , , , , , , , , , , , , ,3.75,-.54758047122583,5
R_1I4vgEDH2zZN13p,5,3,4,5,3,5,4,3,5,5,5,4,4,5,4,3,4,5,5,5,3,1, , , , , , , , , , , , , , , , , , , , , , , , , ,82,2,1,1,6,2,1,82,4,1,1,1,1,2,5,3,2,4,4,6,5,4,4,4,5,2,3,4,4,5,3,4,4,4,5,5,3,3,3,4.16666666666667,-.312018860351988,5
R_1I4wmF7qWNbDSB8,5,5,5,5,6,5,6,6,7,7,3,6,2,6,2,3,7,6,1,7,6,2,6,2,1,5,6,7,1,1,6,6,3,6,5,3,2,7,3,2,5,5,5,4,5,3,2,28,2,1,2,6,2,1,28,6,1,1,1,1,2, , , , , , , , , , , , , , , , , , , , , , , , , ,6.08333333333333,-.0289108875293566,6
R_1IarQNB6mRrIrfd,4,2,2,6,2,6,2,2,6,5,2,6,2,6,2,4,6,6,3,5,6,2,7,1,1,6,6,7,1,1,6,6,7,1,1,6,6,7,1,1,6,6,4,4,4,4,4,30,1,1,2,6,2,1,30,5,1,1,1,1,2, , , , , , , , , , , , , , , , , , , , , , , , , ,5.58333333333333,.721749919139144,6
R_1IQ8nNFXG7vULU2,5,3,3,5,3,5,3,5,3,3,4,4,4,4,5,3,3,3,6,4,3,1, , , , , , , , , , , , , , , , , , , , , , , , , ,31,2,1,2,6,2,1,31,4,1,1,1,1,2,4,4,4,3,3,4,4,4,2,3,3,5,4,3,2,4,4,4,4,4,3,6,5,3,2,3.33333333333333,-.988084902063479,5
R_1IWXReCfgGlOo5o,6,6,1,6,2,6,2,2,2,3,6,5,6,5,2,4,3,5,5,3,3,1, , , , , , , , , , , , , , , , , , , , , , , , , ,29,1,1,2,6,2,1,29,5,1,1,1,1,2,3,5,5,2,3,3,5,4,3,3,3,6,4,2,2,3,5,3,2,2,5,3,2,5,5,3.58333333333333,-.959875126376231,5
R_1K392zKb4xbXwl2,5,2,2,6,4,5,2,3,2,5,4,5,3,5,3,4,4,6,4,3,6,2,7,7,2,6,6,7,7,1,6,6,4,5,7,3,3,7,7,1,6,6,5,6,6,5,5,35,1,1,2,5,2,1,35,7,1,1,1,1,2, , , , , , , , , , , , , , , , , , , , , , , , , ,4.33333333333333,-.100857770707254,6
R_1kNaeDMb1pwVItw,6,1,1,7,2,7,7,3,6,7,2,7,1,7,1,5,7,7,3,7,3,2,7,7,1,5,5,7,7,1,6,6,7,7,1,6,6,7,7,1,5,5,7,7,1,4,5,66,2,1,2,6,2,1,66,7,1,1,1,1,2, , , , , , , , , , , , , , , , , , , , , , , , , ,6.5,.246731015412216,3
R_1LHb7g8UUgj1uVv,6,4,2,6,4,6,2,6,5,3,4,6,5,6,4,2,5,6,3,4,5,2,2,2,1,4,6,5,4,2,5,5,4,3,1,5,6,4,3,5,2,2,1,1,6,2,3,28,2,1,2,6,2,1,28,4,1,1,1,1,2, , , , , , , , , , , , , , , , , , , , , , , , , ,4.41666666666667,-.392875871065598,5
R_1lhpOkLaAzJTBSS,6,3,2,5,2,6,2,3,6,6,2,7,1,7,1,6,7,7,1,6,7,2,7,1,1,6,6,7,1,1,6,6,3,5,4,3,3,7,1,1,6,6,5,4,1,4,4,35,1,1,2,6,2,1,35,7,1,1,1,1,2, , , , , , , , , , , , , , , , , , , , , , , , , ,6.58333333333333,.405729989289923,7
R_1Lo0da3BWgXS5UQ,7,1,2,6,1,6,2,1,3,3,7,4,6,4,5,1,4,4,3,5,3,1, , , , , , , , , , , , , , , , , , , , , , , , , ,42,2,1,2,1,2,1,42,6,1,1,1,1,2,6,7,1,4,3,7,7,1,5,5,1,7,2,3,3,5,6,2,4,4,4,7,4,2,2,3.25,-.649002684061305,5
R_1LqvphvvoPdQvFK,5,3,3,5,3,5,3,3,6,6,2,6,2,6,2,5,6,5,2,6,2,1, , , , , , , , , , , , , , , , , , , , , , , , , ,54,1,1,2,6,2,1,54,6,1,1,1,1,2,6,4,3,5,5,6,4,3,5,5,6,4,3,5,5,6,4,3,5,5,6,4,3,5,5,5.83333333333333,.112479380835594,6
R_1LzlTW7sNbOh9nP,4,3,3,5,4,5,3,5,6,6,4,5,4,5,4,4,5,4,3,7,3,3, , , , , , , , , , , , , , , , , , , , , , , , , ,26,1,1,2,6,2,1,26,4,1,1,1,1,2,7,1,1,6,6,7,1,7,6,6,7,2,1,6,6,7,1,7,6,6,7,3,1,6,6,4.91666666666667, , 
R_1MKRtpgVj606fW6,5,3,6,2,3,2,5,2,3,7,6,3,1,2,5,3,6,6,2,5,3,2,5,3,6,2,2,5,3,1,3,5,5,3,6,2,6,6,4,2,3,5,3,5,2,2,3,22,2,1,2,3,2,1,22,5,1,1,1,1,2, , , , , , , , , , , , , , , , , , , , , , , , , ,4.41666666666667,-.527996638636513,3
R_1MSOcOQ02YtsPS0,6,3,2,7,2,7,2,5,7,7,4,7,3,7,1,5,7,7,1,6,3,2,5,6,1,2,2,7,1,1,6,6,5,1,1,6,6,7,6,1,5,5,7,2,1,6,6,24,2,1,2,6,2,1,24,4,1,1,1,1,2, , , , , , , , , , , , , , , , , , , , , , , , , ,6.33333333333333,.450342541344737,3
R_1MZhc3zKyrcAZNc,6,1,1,7,1,6,2,1,7,6,2,7,2,7,2,5,7,6,3,6,2,1, , , , , , , , , , , , , , , , , , , , , , , , , ,30,2,1,2,6,2,1,30,6,1,1,1,1,2,7,3,7,6,5,5,5,7,3,2,7,1,7,6,6,6,1,7,6,6,6,1,6,5,6,6.16666666666667,-.082718598972481,6
R_1NDrrZ3NyEgnBk3,6,2,2,6,2,6,2,2,3,2,6,2,6,1,7,2,2,3,6,2,6,2,7,2,1,6,6,7,1,2,6,6,3,6,5,2,2,7,1,1,6,6,4,5,4,3,3,31,1,1,2,6,2,1,31,6,1,1,1,1,2, , , , , , , , , , , , , , , , , , , , , , , , , ,2,.096121545323569,6
R_1nPJmpbqQ04kTzb,5,4,5,5,4,4,5,4,4,5,4,5,5,5,4,5,4,4,5,5,3,1, , , , , , , , , , , , , , , , , , , , , , , , , ,28,1,1,2,6,2,1,28,6,1,1,1,1,2,4,5,5,4,4,4,5,5,4,4,4,4,4,4,4,5,4,5,3,4,4,4,4,4,4,4.25,-.64652263866897,5
R_1nZR3lUqiKw1i15,4,1,1,1,1,1,1,1,1,1,1,1,1,1,1,1,1,1,1,1,2,1, , , , , , , , , , , , , , , , , , , , , , , , , ,36,1,1,2,6,2,1,36,1,1,1,1,1,2,1,1,1,1,1,4,4,4,3,3,7,7,4,6,1,1,4,4,3,3,1,1,1,6,1,3,-.837486802466618,6
R_1ouNWVcqy6fLnRr,5,2,1,7,1,7,2,2,6,6,3,6,2,6,2,6,7,6,2,6,6,2,7,2,2,5,5,7,1,1,6,6,4,4,5,3,3,7,2,1,6,6,6,2,2,5,5,48,1,1,2,6,2,1,48,7,1,1,1,1,2, , , , , , , , , , , , , , , , , , , , , , , , , ,6,.415325382678468,6
R_1owibWkFl2YJyBv,7,1,1,7,1,6,1,1,6,6,4,7,1,7,7,6,5,7,1,6,1,1, , , , , , , , , , , , , , , , , , , , , , , , , ,40,2,1,2,6,2,1,40,5,1,1,1,1,2,7,1,1,6,6,7,2,2,6,6,7,2,2,6,6,7,1,1,6,6,6,3,2,5,5,5.75,.811441469778059,7
R_1pycvM8I38QPIs8,5,5,2,5,1,6,2,3,2,2,6,5,4,3,6,2,3,6,3,3,7,2,7,2,1,6,6,7,2,1,6,6,5,3,3,3,3,7,5,1,5,5,6,2,1,5,5,54,2,2,2,6,2,2,26,4,1,1,1,2,2, , , , , , , , , , , , , , , , , , , , , , , , , ,3.25, ,7
R_1Q0oWjLLIqqUYvB,4,6,3,5,3,3,5,4,4,3,5,5,3,5,3,5,2,3,5,3,3,1, , , , , , , , , , , , , , , , , , , , , , , , , ,56,2,1,2,6,2,1,56,5,1,1,1,1,2,6,6,3,6,6,6,6,3,5,5,7,7,2,6,6,5,5,4,5,5,6,6,4,5,5,3.83333333333333,.000124526841949671,5
R_1q2ImslNe3A2usz,6,5,3,6,5,6,3,2,7,7,3,6,3,6,3,7,7,5,3,6,1,1, , , , , , , , , , , , , , , , , , , , , , , , , ,64,1,1,2,6,2,1,64,7,1,1,1,1,2,7,1,1,6,6,7,1,1,6,6,6,2,2,5,5,7,1,1,6,6,7,3,1,4,4,5.91666666666667,.76256088257345,7
R_1QfuP3ny65wQzzu,6,2,1,5,5,4,2,1,6,7,4,5,1,4,5,3,6,5,2,5,6,2,7,1,1,6,6,7,1,1,6,6,7,1,1,6,6,7,1,1,6,6,7,1,1,6,6,44,1,1,2,8,2,1,44,5,1,1,1,1,2, , , , , , , , , , , , , , , , , , , , , , , , , ,5.08333333333333,1.04127819941027,6
R_1qfwuW4eQPXHFG8,5,5,3,6,1,7,1,1,5,6,2,6,2,7,2,5,6,6,5,6,6,2,5,7,3,4,3,6,6,3,5,5,6,5,3,5,5,4,4,4,4,4,4,4,3,4,3,30,2,1,2,5,2,1,31,5,1,1,1,1,2, , , , , , , , , , , , , , , , , , , , , , , , , ,5.66666666666667,-.377812880843611,6
R_1QL7nDtKCdTp85z,4,4,3,4,4,4,4,4,4,3,4,3,5,3,6,4,4,4,5,4,6,2,5,4,4,4,4,7,1,1,5,5,4,4,4,3,3,4,4,4,4,4,5,1,1,4,4,25,2,1,2,3,2,1,25,5,1,1,1,1,2, , , , , , , , , , , , , , , , , , , , , , , , , ,3.41666666666667,-.140953987606306,6
R_1r7TV2NlrZ5dHDx,5,1,2,6,1,7,1,2,5,5,5,4,2,6,4,5,3,6,3,5,1,1, , , , , , , , , , , , , , , , , , , , , , , , , ,50,2,1,2,6,2,1,50,5,1,1,1,1,2,7,1,4,6,6,7,1,1,6,6,4,3,4,4,4,7,4,4,5,6,4,2,2,6,6,4.75,.423844534391811,7
R_1rDqUMp4EYllql8,5,1,1,7,1,7,1,6,1,6,6,7,1,7,6,1,7,6,1,1,1,1, , , , , , , , , , , , , , , , , , , , , , , , , ,30,1,1,2,6,2,1,30,6,1,1,1,1,2,7,1,7,6,6,1,1,5,3,3,1,1,5,3,3,2,1,1,4,5,1,1,7,2,2,4.5,-.657089469960176,7
R_1rjpAEdr9Sr0K2B,6,5,2,6,5,6,2,5,6,6,3,6,2,6,2,3,5,7,2,2,2,1, , , , , , , , , , , , , , , , , , , , , , , , , ,37,2,1,2,6,2,1,37,5,1,1,1,1,2,7,7,4,5,6,7,7,1,6,4,6,7,3,5,4,6,7,3,6,5,5,7,4,5,4,5.33333333333333,-.153578933947693,6
R_1Rpnuf6ll8AWUCt,5,2,2,6,2,6,2,2,6,6,2,6,6,6,6,6,6,6,2,6,1,1, , , , , , , , , , , , , , , , , , , , , , , , , ,40,1,1,2,6,2,1,40,4,1,1,1,1,2,7,7,3,6,6,6,7,5,6,6,4,5,4,4,3,7,6,4,6,6,5,5,5,4,3,5.33333333333333,-.237248166175939,7
R_1rwc553XkYD7uNg,6,3,4,4,2,4,3,2,6,6,6,6,2,6,6,6,4,6,5,4,1,1, , , , , , , , , , , , , , , , , , , , , , , , , ,49,2,1,2,6,2,1,49,7,1,1,1,1,2,7,2,2,6,6,7,2,6,5,6,7,2,2,4,4,7,1,1,6,6,7,1,1,5,5,4.75,.628450394986573,7
R_1RYjsk9ugiNiHyV,6,6,5,6,6,6,5,5,6,7,6,5,6,6,5,5,6,5,5,6,6,2,6,5,4,3,3,5,4,5,4,3,5,6,4,3,3,6,5,4,3,3,6,5,5,3,5,32,1,1,2,6,2,1,32,5,1,1,1,1,2, , , , , , , , , , , , , , , , , , , , , , , , , ,4.66666666666667,-.675550925522424,6
R_21c8zEcu1SxUJQ6,5,3,5,5,4,4,4,3,4,6,4,4,6,5,3,2,4,5,3,4,4,2,4,5,5,3,4,3,4,4,2,4,4,5,4,3,2,6,5,4,4,2,5,5,4,3,4,26,1,1,2,6,2,1,26,4,1,1,1,1,2, , , , , , , , , , , , , , , , , , , , , , , , , ,4.16666666666667,-.853771299034884,4
R_21FcesGbu45hyRO,3,5,5,3,6,6,5,6,7,7,1,4,1,4,3,7,7,7,1,7,2,1, , , , , , , , , , , , , , , , , , , , , , , , , ,58,1,1,2,6,2,2,58,7,2,2,1,1,2,7,1,1,6,6,7,1,1,6,6,7,1,1,6,6,7,1,1,6,6,4,7,1,5,4,6.33333333333333,.758953569480553,6
R_21hv1QWSmYyQ4GI,5,3,3,5,3,6,3,3,5,5,4,5,4,5,5,3,3,5,4,5,6,2,7,2,1,6,6,7,1,1,6,6,5,4,3,4,4,6,1,3,6,6,5,4,2,5,5,21,1,1,2,5,2,1,21,4,1,1,1,1,2, , , , , , , , , , , , , , , , , , , , , , , , , ,4.25,.501547715237186,6
R_21iUqYXEm0fjrJh,4,4,4,5,6,6,4,5,4,5,3,5,4,4,4,4,5,5,4,5,5,2,4,4,4,3,3,5,2,2,5,5,5,5,2,5,5,5,5,2,5,5,5,5,2,5,5,26,1,1,2,5,2,1,26,4,1,1,1,1,2, , , , , , , , , , , , , , , , , , , , , , , , , ,4.5,-.10819904681751,5
R_21tQM4S9XmmtltP,7,1,1,6,1,7,1,1,4,3,7,3,6,2,7,1,1,1,7,2,5,3, , , , , , , , , , , , , , , , , , , , , , , , , ,37,2,1,2,6,2,1,37,6,1,1,1,1,2,7,1,1,6,6,7,1,2,6,6,7,1,2,6,6,7,1,1,6,6,6,2,1,5,5,1.83333333333333, , 
R_22KMUrf1eTp83zj,5,5,5,6,6,6,5,5,6,5,5,5,3,5,5,3,2,6,2,5,6,3,6,5,1,6,5,5,1,2,2,5,6,5,1,5,5,5,7,1,3,3,5,5,2,4,4,30,2,1,2,8,2,1,30,4,1,1,1,1,2, , , , , , , , , , , , , , , , , , , , , , , , , ,4.5, , 
R_22QXezaYUxknhKo,7,1,1,7,1,7,1,1,7,7,1,7,1,7,1,7,7,7,1,7,6,2,1,7,1,2,2,7,1,1,6,6,6,2,1,5,5,7,1,1,6,6,4,2,1,5,5,25,2,1,2,6,2,1,25,1,1,1,1,1,2, , , , , , , , , , , , , , , , , , , , , , , , , ,7,.293717418670259,6
R_22RAKvuMhmQN5HO,6,6,6,6,6,7,7,7,7,7,7,7,7,7,7,7,7,7,7,7,2,1, , , , , , , , , , , , , , , , , , , , , , , , , ,34,2,1,2,6,2,1,35,3,1,1,1,1,2,7,7,7,4,3,6,7,3,4,3,5,4,4,5,3,4,6,6,3,3,7,7,7,4,4,5,-.78294227992164,6
R_2319ar6Gch9gqvv,7,2,2,6,2,6,2,2,6,6,6,6,6,6,6,6,7,6,7,7,3,1, , , , , , , , , , , , , , , , , , , , , , , , , ,25,1,1,2,2,2,1,25,5,1,1,1,1,2,5,5,5,5,4,4,4,4,4,4,4,4,4,3,3,2,1,2,2,2,6,7,7,5,6,4.75,-.632609167910722,5
R_239ucNbJhCwf0Pf,3,5,5,2,5,3,3,5,5,5,3,5,2,6,6,6,5,5,6,5,6,2,7,1,1,6,6,7,1,1,6,6,6,2,1,5,5,7,1,1,6,6,3,7,1,2,3,54,1,1,2,6,2,1,54,6,1,1,1,1,2, , , , , , , , , , , , , , , , , , , , , , , , , ,4.75,.515761239164064,6
R_23d8UGj7xvGe31r,3,7,6,2,7,3,6,7,6,7,1,7,1,7,2,6,7,7,1,7,5,2,4,4,1,4,4,7,1,1,6,6,7,1,1,5,5,2,1,1,5,5,1,2,1,6,6,55,2,1,2,6,2,1,55,4,1,1,1,1,2, , , , , , , , , , , , , , , , , , , , , , , , , ,6.75,.392046770010695,5
R_24beKtItIX6YEO5,6,4,3,6,4,6,4,3,6,6,4,6,2,6,6,5,5,6,3,6,6,2,6,2,2,5,5,7,1,1,6,6,3,5,2,3,3,7,1,1,6,6,6,2,2,5,5,47,1,1,2,6,2,1,47,6,1,1,1,1,2, , , , , , , , , , , , , , , , , , , , , , , , , ,5.25,.427636106007566,6
R_24dYh1EBnxnPEQQ,4,5,5,5,5,4,5,5,6,7,2,6,1,6,6,6,6,7,2,6,1,1, , , , , , , , , , , , , , , , , , , , , , , , , ,68,1,1,2,6,2,1,68,7,1,1,1,1,2,7,4,1,6,6,7,7,1,6,6,7,4,1,6,6,7,1,1,6,6,7,4,1,6,6,5.91666666666667,.742926127113641,7
R_24iTZrwKVFwEyMX,4,5,5,3,5,3,5,5,6,6,1,7,2,7,6,6,7,6,1,6,7,2,6,2,1,5,6,7,1,1,6,6,6,2,4,5,5,6,2,2,5,6,7,1,1,6,5,30,2,1,2,6,2,1,30,5,1,1,1,1,2, , , , , , , , , , , , , , , , , , , , , , , , , ,6.08333333333333,.683398648853676,7
R_24OxdoXlE8MrFh2,5,5,6,5,6,5,6,5,6,7,6,7,6,7,6,7,6,7,6,7,5,1, , , , , , , , , , , , , , , , , , , , , , , , , ,30,1,1,1,5,1,1,20,4,1,2,1,1,1,5,5,5,3,3,5,5,6,4,3,5,5,6,4,3,5,5,5,4,3,5,5,6,4,3,5.16666666666667,-.852495336513262,3
R_25ELrX7f9T2tTj8,6,1,1,7,1,6,1,2,2,2,7,4,6,4,6,2,3,4,6,2,5,2,2,7,3,2,2,5,3,5,5,5,3,5,5,3,3,3,5,4,3,3,5,4,4,4,4,32,1,1,2,6,2,1,32,6,1,1,1,1,2, , , , , , , , , , , , , , , , , , , , , , , , , ,2.5,-.847132206963935,5
R_25LbdpwIxYbxX93,6,2,2,6,2,6,2,2,2,2,4,4,4,4,4,2,2,4,5,2,6,2,7,1,1,6,6,7,1,1,6,6,4,4,4,4,4,7,1,1,6,6,7,1,1,6,6,25,1,1,2,6,2,1,25,4,1,1,1,1,2, , , , , , , , , , , , , , , , , , , , , , , , , ,3.08333333333333,.73279914816966,6
R_25S062e4fGPL9GT,6,2,2,6,2,7,2,3,7,7,1,7,1,7,1,7,6,6,2,6,2,1, , , , , , , , , , , , , , , , , , , , , , , , , ,33,2,1,2,6,2,1,33,5,1,1,1,1,2,5,3,3,4,4,4,4,4,4,4,5,2,2,5,5,5,3,5,5,5,3,5,4,3,3,6.66666666666667,-.334548927246195,6
R_25szWCLzjKIhYhX,6,2,2,6,2,6,2,3,4,5,5,6,5,4,4,4,5,6,4,3,4,1, , , , , , , , , , , , , , , , , , , , , , , , , ,34,1,1,2,6,2,1,34,5,1,1,1,1,2,6,2,2,6,6,4,5,3,3,3,5,3,2,5,5,3,7,4,3,2,5,6,2,4,5,4.25,-.319433477292031,4
R_26kDlftEo5cgLGC,6,3,1,7,1,7,1,2,2,3,6,4,5,4,5,3,2,4,6,2,1,1, , , , , , , , , , , , , , , , , , , , , , , , , ,47,1,1,2,6,2,1,47,7,1,1,1,1,2,7,1,1,6,6,7,1,1,6,6,7,1,1,6,6,7,1,1,6,6,7,1,1,6,6,2.83333333333333,1.04127819941027,7
R_27H9UUdDa6SW0qU,6,2,2,6,2,6,4,2,5,5,2,6,2,6,2,1,7,2,2,4,1,1, , , , , , , , , , , , , , , , , , , , , , , , , ,39,1,1,2,6,2,1,39,3,1,1,1,1,2,7,1,1,6,6,7,1,1,6,6,7,1,1,6,6,4,7,1,3,3,5,3,1,5,5,5,.536144887351616,7
R_27KIHMSWP4e5b3z,5,6,3,5,3,6,2,2,6,7,1,7,1,7,1,5,7,7,2,6,5,2,7,1,1,6,6,7,1,1,6,6,7,1,1,6,6,7,1,1,6,6,7,1,1,6,6,35,1,1,2,6,2,1,35,6,1,1,1,1,2, , , , , , , , , , , , , , , , , , , , , , , , , ,6.58333333333333,1.04127819941027,5
R_29gIcr1dTDnvaMM,6,7,6,5,7,1,3,7,3,1,1,7,1,7,1,1,6,6,2,1,5,2,1,7,3,2,1,2,7,1,3,1,1,7,2,2,1,1,7,1,3,1,1,7,1,3,1,38,1,1,2,5,2,1,38,7,1,1,1,1,2, , , , , , , , , , , , , , , , , , , , , , , , , ,4.91666666666667,-1.55922218179911,5
R_2aCKmTIOvGlC4jn,5,2,2,6,2,6,2,2,2,6,6,6,6,6,2,2,6,6,6,6,6,2,6,5,5,4,4,6,6,2,6,5,3,5,3,3,4,6,7,1,5,5,6,6,2,5,5,24,1,1,2,2,2,2,24,1,1,1,1,1,2, , , , , , , , , , , , , , , , , , , , , , , , , ,4.33333333333333,-.201023108645594,6
R_2aEMp5gMy43ZyAT,6,1,1,7,1,7,1,2,2,1,6,5,7,3,7,1,2,7,6,3,6,1, , , , , , , , , , , , , , , , , , , , , , , , , ,32,2,1,2,5,2,1,27,6,1,1,1,1,2,3,6,7,1,1,5,3,5,3,3,5,4,3,5,5,4,4,5,3,3,2,7,5,2,2,2.5,-1.09339469888627,2
R_2ah4Q4JRBnHYlMI,5,5,6,7,6,6,5,6,5,6,7,5,6,5,4,5,6,5,6,7,6,1, , , , , , , , , , , , , , , , , , , , , , , , , ,30,1,1,1,5,1,1, ,5,1,2,1,1,1,5,6,5,3,5,5,6,5,4,4,5,6,5,2,3,6,5,7,4,3,6,4,5,5,4,4.41666666666667,-.730396969079287,2
R_2aPonZMnFI8A4D8,6,1,1,6,1,5,5,2,5,6,6,6,3,6,6,2,6,6,6,6,5,2,7,2,2,6,6,7,1,1,6,6,6,2,2,6,6,7,1,1,6,6,4,4,4,4,4,28,1,1,2,6,2,1,28,6,1,1,1,1,2, , , , , , , , , , , , , , , , , , , , , , , , , ,4.5,.614358273681601,5
R_2B3UAjyiOzMvKyU,6,2,1,6,2,6,2,1,2,1,6,3,6,2,2,1,2,3,6,2,6,2,5,2,3,5,5,6,2,2,6,6,5,2,2,6,5,6,6,6,6,6,7,7,6,6,6,30,1,1,2,6,2,1,30,4,1,1,1,1,2, , , , , , , , , , , , , , , , , , , , , , , , , ,2.33333333333333,.224253051320443,6
R_2bJC8BQpyMJkPMH,5,4,1,6,3,5,2,4,5,5,3,7,3,6,2,4,6,5,2,6,2,1, , , , , , , , , , , , , , , , , , , , , , , , , ,23,1,1,2,6,2,1,23,3,1,1,1,1,2,3,6,3,2,3,5,5,1,4,3,6,3,1,5,5,3,3,2,2,3,5,5,2,4,3,5.5,-.456430081059436,6
R_2BnbcxY2ohcB7LQ,5,1,1,6,1,7,1,1,6,2,1,5,1,7,7,5,5,6,6,6,1,1, , , , , , , , , , , , , , , , , , , , , , , , , ,32,1,1,1,6,2,1,32,4,1,1,1,1,2,7,3,7,6,6,7,1,1,6,6,5,4,1,4,6,4,4,5,3,3,7,7,7,4,5,4.91666666666667,-.0181635259918817,7
R_2BsUpuwt0whrCYN,6,2,2,6,2,7,2,2,2,4,3,6,3,6,6,3,3,5,4,4,6,2,5,3,5,5,4,7,6,4,5,6,7,2,2,6,6,6,1,2,5,5,5,3,4,4,4,25,1,1,2,6,2,1,25,3,1,1,1,1,2, , , , , , , , , , , , , , , , , , , , , , , , , ,4.08333333333333,.168384293369614,6
R_2BxPqLmCtopQxEp,5,5,3,3,3,2,3,3,5,5,5,5,5,5,2,6,6,6,3,5,3,1, , , , , , , , , , , , , , , , , , , , , , , , , ,47,2,1,2,6,2,1,47,3,1,1,1,1,2,3,3,3,3,3,4,4,4,3,3,4,4,4,3,3,5,4,4,3,3,4,4,4,3,3,5,-.785319634295797,5
R_2ByBU82onRSlMqS,4,6,6,2,6,3,6,5,6,7,3,6,2,5,2,6,6,6,3,6,2,1, , , , , , , , , , , , , , , , , , , , , , , , , ,25,2,1,2,6,2,1,25,4,1,1,1,1,2,7,7,2,6,6,6,5,1,5,5,6,5,2,6,5,7,7,1,6,6,7,7,1,5,5,5.83333333333333,.282599027122281,6
R_2c5YtzRBQB5YZcf,7,1,1,7,1,7,1,1,2,1,7,1,7,1,7,2,6,5,7,2,7,2,6,3,2,5,5,7,1,1,6,6,5,4,4,3,3,7,1,1,6,6,4,4,4,3,3,29,1,1,2,6,2,1,29,6,1,1,1,1,2, , , , , , , , , , , , , , , , , , , , , , , , , ,2,.182254085161713,7
R_2CEvdCdjRTGDWoi,5,5,4,5,5,4,5,4,4,5,4,4,4,5,3,5,4,5,5,5,1,1, , , , , , , , , , , , , , , , , , , , , , , , , ,34,1,1,1,2,2,1,34,5,1,1,1,1,2,6,6,6,4,5,5,4,5,5,6,5,5,5,4,3,5,5,6,4,4,5,5,5,4,4,4.41666666666667,-.542390591734868,7
R_2dEMhUnVasYaSDG,6,5,3,6,4,6,2,4,2,2,6,5,6,5,5,3,1,6,7,2,1,1, , , , , , , , , , , , , , , , , , , , , , , , , ,48,1,1,2,6,2,1,48,7,1,1,1,1,2,7,1,1,6,6,7,1,1,6,6,7,1,1,6,6,7,1,1,6,6,6,2,2,5,5,2.83333333333333,.915168410643073,7
R_2dFQUfk2uczC0Gv,5,2,2,5,2,6,2,1,5,6,2,7,2,7,1,4,6,7,2,4,4,3, , , , , , , , , , , , , , , , , , , , , , , , , ,55,1,1,2,6,2,1,55,5,1,1,1,1,2,7,1,1,6,6,4,4,4,3,3,5,3,2,4,4,7,1,1,6,6,6,2,2,5,5,5.91666666666667, , 
R_2DXLag4RYDbvJCk,7,1,1,7,3,7,1,1,4,4,7,1,5,1,7,2,2,3,7,4,6,2,7,1,1,6,5,7,1,1,6,6,3,7,4,2,1,7,1,1,6,6,2,7,4,2,1,26,2,1,2,6,2,1,0,5,1,1,1,1,2, , , , , , , , , , , , , , , , , , , , , , , , , ,2.25,-.0933014148802785,6
R_2dXTEnwPHpC4Z87,5,5,5,6,5,6,4,5,6,6,5,7,3,7,2,6,6,6,4,6,6,2,6,7,2,5,5,7,5,3,6,6,2,7,6,2,1,4,7,5,3,2,6,7,4,4,2,28,1,1,2,6,2,1,28,4,1,1,1,1,2, , , , , , , , , , , , , , , , , , , , , , , , , ,5.66666666666667,-.756100849209694,6
R_2e21HKAikv0CKBg,7,6,4,7,5,7,5,7,6,6,5,6,7,6,7,7,7,6,7,5,2,1, , , , , , , , , , , , , , , , , , , , , , , , , ,23,2,1,2,6,1,1,23,6,1,1,1,1,2,4,4,3,4,4,6,4,5,3,4,5,5,3,3,4,4,4,6,3,4,5,5,3,4,4,4.58333333333333,-.5567752279651,6
R_2E9QvILKwmFaV2W,4,5,5,6,3,5,4,4,7,7,3,7,2,7,4,4,7,3,1,7,1,1, , , , , , , , , , , , , , , , , , , , , , , , , ,25,1,1,2,6,2,1,25,7,1,1,1,1,2,7,1,1,6,6,7,1,1,6,6,7,1,1,6,6,7,1,1,6,6,7,1,1,6,6,5.91666666666667,1.04127819941027,7
R_2EhtcTr2Ujhfse6,6,4,5,2,3,6,4,2,7,7,1,7,1,7,1,5,7,7,1,7,1,1, , , , , , , , , , , , , , , , , , , , , , , , , ,53,2,1,2,6,2,1,49,7,1,1,1,1,2,6,2,1,5,5,5,7,1,4,2,5,5,1,5,4,7,3,1,6,6,5,5,1,5,4,6.83333333333333,.112993106099026,7
R_2EsgzMTLod1UMgN,5,3,3,5,2,5,4,5,5,6,3,6,4,5,4,6,5,6,2,5,2,1, , , , , , , , , , , , , , , , , , , , , , , , , ,47,2,1,2,6,2,1,47,6,1,1,1,1,2,7,2,6,5,6,6,2,6,6,6,5,1,5,6,5,6,1,3,5,4,6,1,4,5,5,5.25,.265164611987629,6
R_2f2QVQcZFGOyAy8,6,2,2,6,1,6,2,2,7,7,1,7,1,7,1,6,7,7,2,7,1,1, , , , , , , , , , , , , , , , , , , , , , , , , ,35,2,1,2,6,2,1,35,5,1,1,1,1,2,7,3,2,5,5,7,3,2,6,6,7,2,2,6,6,7,4,2,6,6,4,6,4,3,3,6.83333333333333,.325069370151912,7
R_2fEi0qCc8rROtYN,6,1,2,6,1,6,2,2,5,6,3,7,2,7,1,6,7,6,2,5,3,1, , , , , , , , , , , , , , , , , , , , , , , , , ,34,2,1,2,6,2,1,34,5,1,1,1,1,2,3,4,5,3,3,4,2,2,4,4,6,2,1,4,4,3,6,7,2,2,6,2,2,5,5,6.08333333333333,-.448523188272804,5
R_2fuG7vjwgdtkQsz,6,2,2,6,4,6,3,2,7,7,2,7,1,7,1,7,7,5,1,7,4,3,2,5,5,2,2,1,4,4,2,2,3,5,4,3,3,2,5,5,2,2,2,5,4,2,2,38,2,1,2,6,2,1,38,4,1,1,1,1,2, , , , , , , , , , , , , , , , , , , , , , , , , ,6.75, , 
R_2OTsQZm4TF2QpL2,6,2,2,6,1,6,1,1,5,5,3,6,3,5,5,2,5,5,3,5,3,1, , , , , , , , , , , , , , , , , , , , , , , , , ,55,1,1,2,6,2,1,55,6,1,1,1,1,2,5,5,4,4,4,6,7,2,4,4,6,6,2,4,4,5,6,3,4,4,6,7,2,4,4,4.66666666666667,-.396931250200715,5
R_2PcGQSZERp3Ghpz,4,3,2,5,3,4,3,1,7,7,1,7,1,6,2,4,6,4,5,7,1,1, , , , , , , , , , , , , , , , , , , , , , , , , ,33,2,1,2,6,2,1,33,4,1,1,1,1,2,6,1,1,6,6,4,4,3,2,2,3,7,7,1,1,5,7,1,4,4,7,1,1,5,5,5.91666666666667,-.379150754287986,7
R_2PjQhnRO5f8JCLA,6,2,1,6,1,7,1,1,6,7,3,7,1,7,1,3,4,6,4,6,6,2,6,1,2,4,5,7,1,1,6,6,1,7,7,1,1,2,6,5,3,2,7,3,1,5,5,30,2,1,2,6,2,1,30,7,1,1,1,1,2, , , , , , , , , , , , , , , , , , , , , , , , , ,5.75,-.356705413882834,6
R_2pMliL0r4rS86lv,6,2,2,6,1,6,2,1,6,4,6,3,6,3,6,3,4,6,3,4,1,1, , , , , , , , , , , , , , , , , , , , , , , , , ,42,1,1,2,6,2,1,42,7,1,1,1,1,2,7,1,1,6,6,7,1,1,6,6,6,2,1,6,5,7,5,1,5,5,6,2,1,5,5,3.66666666666667,.732565416964258,7
R_2pRCtqOGHlqXR9v,5,3,3,5,4,5,3,5,6,6,4,6,3,6,3,5,6,5,3,6,5,2,5,3,4,4,4,6,1,1,6,6,6,2,2,5,5,5,3,3,4,4,4,4,4,3,3,31,2,1,2,6,2,1,31,2,1,1,1,1,2, , , , , , , , , , , , , , , , , , , , , , , , , ,5.41666666666667,.00586957818700433,5
R_2pW6iwsY5yjeu4A,5,2,2,6,2,6,2,2,4,4,4,5,5,6,2,3,3,5,6,3,2,1, , , , , , , , , , , , , , , , , , , , , , , , , ,54,2,1,2,6,2,1,54,5,1,1,1,1,2,7,2,1,6,6,7,2,1,6,6,5,3,4,4,4,7,1,1,6,6,6,2,2,5,5,4,.612348316132416,6
R_2q4dIOojz8KLf9o,6,4,2,6,2,6,2,2,5,5,5,6,5,6,6,4,4,6,3,5,5,3,4,4,1,4,4,6,2,1,6,6,4,4,1,4,4,5,3,1,5,5,6,2,1,6,6,22,2,1,2,6,2,1,22,3,1,1,1,1,2, , , , , , , , , , , , , , , , , , , , , , , , , ,4.5, , 
R_2Qm6lFdKGZUeyU1,6,4,2,5,3,7,2,4,7,7,3,7,2,7,1,6,7,6,2,6,6,2,6,2,1,6,6,6,2,2,6,6,2,6,5,2,2,3,5,4,3,3,7,1,2,6,6,53,1,1,2,6,2,1,53,7,1,1,1,1,2, , , , , , , , , , , , , , , , , , , , , , , , , ,6.41666666666667,-.0328568256635987,6
R_2R9UOpWiYGAe3Fs,1,2,7,1,7,1,7,4,5,3,4,2,6,1,7,1,7,6,4,5,7,2,7,1,1,5,5,7,1,1,6,6,7,1,1,6,6,3,3,1,5,4,7,1,1,5,5,25,1,1,2,6,2,1,25,2,1,1,1,1,2, , , , , , , , , , , , , , , , , , , , , , , , , ,3.41666666666667,.707231074341266,7
R_2sSCDxL2wsApFPZ,7,1,1,7,1,7,1,1,1,1,7,1,7,1,7,1,1,1,7,1,7,2,7,1,1,6,6,7,1,1,6,6,7,1,1,6,6,7,1,1,6,6,7,1,1,6,6,29,1,1,1,6,2,1,29,7,1,1,1,1,2, , , , , , , , , , , , , , , , , , , , , , , , , ,1,1.04127819941027,7
R_2sU1Dx1naHum6zr,4,3,3,5,2,5,2,5,7,7,1,6,1,1,7,7,6,6,1,6,7,2,7,1,1,6,6,7,1,1,6,6,3,6,4,2,2,7,1,1,6,6,4,7,4,3,3,34,2,1,2,6,2,1,34,6,1,1,1,1,2, , , , , , , , , , , , , , , , , , , , , , , , , ,5.66666666666667,.119317525254002,7
R_2SwauEVfI9iys48,6,6,2,3,3,5,3,5,4,3,5,5,4,5,3,4,5,3,4,4,4,3, , , , , , , , , , , , , , , , , , , , , , , , , ,39,2,1,2,2,2,1,39,2,1,1,1,1,2,3,4,3,3,3,3,3,3,3,3,4,4,3,3,3,3,4,3,3,3,3,5,3,3,3,4.08333333333333, , 
R_2t3Y89nrvcDrvbM,5,2,2,2,2,6,3,4,4,4,5,6,5,6,4,5,7,6,7,6,6,2,7,7,1,6,5,5,6,4,5,5,2,4,2,3,3,7,6,5,5,4,4,3,3,4,3,33,1,1,2,6,2,1,33,3,1,1,1,1,2, , , , , , , , , , , , , , , , , , , , , , , , , ,4.58333333333333,-.328681837993183,6
R_2t5VHj76d7aGtFg,2,5,5,3,5,5,4,5,6,5,6,6,6,6,6,5,4,6,4,6,3,1, , , , , , , , , , , , , , , , , , , , , , , , , ,43,2,1,2,6,2,1,43,4,1,1,1,1,2,6,2,2,6,6,5,2,2,6,5,6,2,2,5,5,4,4,4,3,3,5,5,2,4,4,4.5,.0907979154773703,5
R_2tzJbjyfU4NhagD,7,7,6,7,6,7,6,7,7,6,7,6,7,6,7,6,7,6,7,6,1,1, , , , , , , , , , , , , , , , , , , , , , , , , ,30,1,1,1,5,1,1,12,7,1,2,1,1,1,7,7,6,5,1,7,6,7,1,3,7,6,7,2,1,7,6,7,1,5,7,7,6,6,2,4.5,-1.03735511928761,7
R_2UfiNu1o3K7Dmpg,4,6,4,3,6,4,4,4,7,7,4,6,1,6,1,6,5,5,2,7,2,3,3,5,5,3,3,3,5,4,3,3,2,6,4,3,3,3,4,5,3,3,3,5,5,3,3,39,2,1,2,5,2,1,39,6,1,1,1,1,2, , , , , , , , , , , , , , , , , , , , , , , , , ,6.08333333333333, , 
R_2V3Cpu29KOIsCbn,5,3,2,3,4,5,4,4,6,6,3,3,4,4,6,4,3,4,3,4,7,2,6,3,5,6,5,5,5,5,4,5,7,7,7,6,6,4,4,4,4,5,4,4,4,2,3,24,1,1,1,6,2,1,24,3,1,1,1,1,2, , , , , , , , , , , , , , , , , , , , , , , , , ,4.16666666666667,-.393244034916301,7
R_2VBWiEwOu3r0hf9,5,6,2,6,3,7,1,2,7,7,2,6,1,6,1,4,7,7,1,6,7,2,7,1,2,5,5,7,1,1,6,6,4,4,4,3,3,7,1,2,6,6,7,1,1,6,6,24,2,1,2,8,2,1,20,5,1,1,1,1,2, , , , , , , , , , , , , , , , , , , , , , , , , ,6.41666666666667,.5809813804169,7
R_2vj2LeqjE41oTNV,6,6,2,5,4,6,2,6,5,5,7,6,5,3,3,3,6,6,3,5,1,1, , , , , , , , , , , , , , , , , , , , , , , , , ,36,1,1,2,6,2,1,36,5,1,1,1,1,2,7,3,3,5,5,5,4,6,3,3,7,1,1,6,6,6,2,3,5,5,7,1,1,6,6,4.41666666666667,.351456820206616,7
R_2VJ66fJvZ2ZMIyZ,5,1,1,6,1,7,1,2,6,6,5,5,5,6,3,3,5,6,2,5,6,2,7,1,1,6,6,7,1,1,6,6,6,2,1,5,5,7,1,1,6,6,7,1,1,6,6,43,2,1,2,6,2,1,43,6,1,1,1,1,2, , , , , , , , , , , , , , , , , , , , , , , , , ,4.91666666666667,.941552600794697,6
R_2VJWr6aqHlawc5l,6,5,2,3,6,7,5,3,4,1,6,6,2,3,6,2,2,5,3,6,5,2,2,2,2,1,1,7,7,3,2,1,6,5,3,4,3,2,2,4,3,3,5,3,4,3,2,34,1,1,1,6,2,1,34,5,1,1,1,1,2, , , , , , , , , , , , , , , , , , , , , , , , , ,3.66666666666667,-.859667451002196,5
R_2wEmuscOqs2wkKq,5,2,2,6,1,6,2,1,2,2,7,5,7,3,5,3,1,5,7,1,7,2,7,1,1,6,6,6,2,1,6,6,5,4,4,4,5,6,1,2,6,6,4,3,4,4,4,57,2,1,2,6,2,1,57,6,1,1,1,1,2, , , , , , , , , , , , , , , , , , , , , , , , , ,2.33333333333333,.389898440455496,7
R_2WHKBXOX5RaeTM4,7,1,1,7,1,7,1,1,7,7,1,7,1,7,1,7,7,7,1,7,6,2,7,7,1,6,5,6,7,2,5,5,7,6,6,3,3,7,6,1,6,3,7,7,1,6,6,30,2,1,2,8,2,1,30,7,1,1,1,2,2, , , , , , , , , , , , , , , , , , , , , , , , , ,7,-.0105578721926366,6
R_2WHwYZCgvTSepBh,6,1,1,7,6,5,2,7,5,7,1,7,1,7,2,6,7,6,1,7,7,2,4,3,1,5,4,5,5,1,5,5,7,4,1,6,6,4,5,2,4,4,3,7,3,3,3,24,2,1,2,5,2,1,24,5,1,1,1,1,2, , , , , , , , , , , , , , , , , , , , , , , , , ,6.58333333333333,-.143533397370286,7
R_2WI63XCfLs74dAT,6,3,2,6,3,6,2,2,6,6,2,5,2,6,3,5,2,5,2,7,2,1, , , , , , , , , , , , , , , , , , , , , , , , , ,26,2,1,2,6,2,1,26,5,1,1,1,1,2,6,4,3,4,4,7,3,2,5,5,5,3,2,5,5,6,2,2,6,6,4,5,5,3,3,5.41666666666667,.0299262440543505,6
R_2wQASSJfjwzwXA6,6,2,2,6,2,7,2,3,6,6,2,7,2,7,1,5,6,7,2,6,2,1, , , , , , , , , , , , , , , , , , , , , , , , , ,46,1,1,2,6,2,1,46,5,1,1,1,1,2,7,1,1,6,6,7,1,1,6,6,7,1,1,6,6,7,1,1,6,6,7,2,1,5,5,6.25,.962466644915336,6
R_2XcytmmeNR5eatp,4,4,4,3,4,4,5,4,5,5,1,7,1,7,1,4,4,5,4,2,6,2,7,1,1,6,6,7,4,1,6,6,5,4,3,4,4,7,1,1,6,6,7,4,1,5,5,32,1,1,2,5,2,2,32,7,1,1,1,1,2, , , , , , , , , , , , , , , , , , , , , , , , , ,5.33333333333333,.60090919475509,6
R_2xQYeVWMcDIVUrR,5,3,3,5,3,5,4,5,5,3,6,5,6,5,3,1,6,6,5,5,7,2,7,2,1,6,6,7,1,1,6,6,6,3,2,5,5,7,2,1,6,6,4,5,2,3,3,32,2,1,2,5,2,1,32,6,1,1,1,1,2, , , , , , , , , , , , , , , , , , , , , , , , , ,4,.507065634580971,7
R_2Y9BM5zPCbZpqay,5,3,5,2,6,3,5,5,3,3,5,2,5,3,6,2,2,2,6,3,6,2,7,1,1,6,6,7,1,1,6,6,4,4,2,3,4,7,1,1,6,6,7,2,2,6,6,41,1,1,2,6,2,1,41,5,1,1,1,1,2, , , , , , , , , , , , , , , , , , , , , , , , , ,2.5,.705240348277661,6
R_2ykBiCYsuuT8hlH,5,2,3,7,2,6,6,2,6,7,2,7,3,7,6,5,6,7,2,6,6,2,5,5,4,5,5,6,5,2,4,3,4,3,4,2,2,5,3,5,3,4,3,2,3,2,2,33,1,1,2,6,2,1,33,5,1,1,1,1,2, , , , , , , , , , , , , , , , , , , , , , , , , ,5.83333333333333,-.597806698166743,6
R_2YmPikcCHrPxplV,5,5,5,5,5,6,6,6,5,4,5,5,4,5,5,5,6,5,5,5,4,2,4,5,5,2,4,4,5,5,2,2,4,4,4,2,2,5,5,4,2,3,4,5,5,3,3,67,2,1,1,1,1,1,40,4,1,1,1,1,2, , , , , , , , , , , , , , , , , , , , , , , , , ,4.41666666666667,-1.08730713562284,4
R_2YVquvVHD16Y6mD,6,1,1,7,1,7,1,1,1,1,7,7,7,4,4,1,1,7,7,1,7,2,7,7,7,6,6,7,7,7,6,6,7,7,7,6,6,7,7,7,6,6,7,7,7,6,6,26,2,1,2,6,2,1,26,7,1,1,1,1,2, , , , , , , , , , , , , , , , , , , , , , , , , ,2.5,-.204097712716383,7
R_2YybltVHdrZfbgs,5,5,2,5,5,6,3,3,5,6,3,6,2,5,3,6,5,6,3,6,6,2,6,4,3,4,5,2,6,7,2,2,2,7,6,3,3,7,3,1,6,5,6,7,2,4,5,27,2,1,2,6,2,1,27,6,1,1,1,1,2, , , , , , , , , , , , , , , , , , , , , , , , , ,5.5,-.631094266360506,6
R_2z7uG7Cjl7QfWNE,5,3,2,5,3,2,3,2,5,3,6,5,6,3,5,2,3,1,5,3,5,2,6,2,1,5,6,7,1,1,6,6,5,4,2,4,3,7,1,1,6,6,2,2,3,5,5,19,1,1,2,6,2,1,19,3,1,1,1,1,2, , , , , , , , , , , , , , , , , , , , , , , , , ,2.91666666666667,.451950156419775,5
R_2zDeAeBpZcsagU5,6,5,2,7,4,6,1,5,7,7,1,7,2,7,2,7,7,7,1,6,3,1, , , , , , , , , , , , , , , , , , , , , , , , , ,31,2,1,2,6,2,1,31,5,1,1,1,1,2,6,2,3,5,6,6,2,2,4,5,3,4,3,4,5,6,5,1,5,6,5,5,2,4,5,6.75,.107348011631805,5
R_2ZEtOXZ593ESY8q,6,6,4,3,5,6,5,4,5,6,5,6,6,5,4,5,6,6,5,4,5,2,7,7,7,6,6,5,4,6,3,4,5,5,6,5,3,4,6,5,3,3,4,4,3,3,3,30,1,1,2,6,2,1,30,1,1,1,1,1,2, , , , , , , , , , , , , , , , , , , , , , , , , ,4.58333333333333,-.710294383302559,5
R_2ZJ6kUY0gLDB3Ue,2,7,7,1,7,2,7,7,7,7,1,6,1,7,3,7,7,7,1,7,5,2,7,1,1,6,6,7,1,1,6,6,7,1,1,6,6,7,1,1,6,6,7,1,1,6,6,22,2,1,2,6,2,1,22,4,1,1,1,1,2, , , , , , , , , , , , , , , , , , , , , , , , , ,6.75,1.04127819941027,5
R_2zjMVYJ5KSAD4H5,5,3,4,5,5,5,4,3,5,4,5,4,3,4,3,4,3,4,5,3,5,2,7,1,1,6,6,7,1,1,6,6,7,1,1,6,6,7,1,1,6,6,7,1,1,6,6,47,1,1,2,6,2,1,47,6,1,1,1,1,2, , , , , , , , , , , , , , , , , , , , , , , , , ,3.91666666666667,1.04127819941027,5
R_2zl6LUPMmSqSFjY,6,1,1,6,1,7,1,2,5,6,2,7,1,7,1,6,6,7,2,5,2,1, , , , , , , , , , , , , , , , , , , , , , , , , ,61,1,1,2,6,2,1,61,7,1,1,1,1,2,7,1,1,6,6,6,2,2,5,5,7,1,1,6,6,6,2,2,6,6,7,1,1,6,6,6.25,.844151874606279,6
R_2zPlUgQwHW2RFaX,6,4,6,5,7,6,4,6,4,6,5,7,4,6,5,7,5,6,7,6,4,1, , , , , , , , , , , , , , , , , , , , , , , , , ,29,1,1,1,6,1,1,14,4,1,2,1,1,2,4,3,5,2,5,5,4,5,3,5,4,4,6,3,4,5,3,6,3,5,4,5,4,2,3,4.83333333333333,-.737849391620356,4
R_2ZU2u6zRbUusSk1,6,6,3,5,5,5,2,5,5,5,5,4,3,4,6,2,5,3,4,3,5,2,6,3,2,5,5,6,6,2,5,5,4,5,5,2,2,5,7,5,3,3,6,5,2,4,4,50,2,1,2,6,2,1,50,5,1,1,1,1,2, , , , , , , , , , , , , , , , , , , , , , , , , ,3.75,-.431822774386407,5
R_2zUxuZYCJPg8Azd,5,3,2,6,3,5,3,3,5,6,3,5,4,5,3,6,6,6,3,5,2,1, , , , , , , , , , , , , , , , , , , , , , , , , ,35,1,1,2,6,2,1,35,4,1,1,1,1,2,5,5,2,4,4,5,7,1,6,6,7,6,2,4,4,6,6,1,5,5,6,7,3,5,5,5.25,-.0572853635599994,6
R_30hO5JpRupI6TIC,7,5,4,3,7,6,5,4,6,6,6,7,7,6,6,3,7,6,6,6,7,2,7,3,1,6,6,7,1,1,6,6,1,5,1,3,3,7,1,1,6,6,7,1,1,6,6,33,2,1,2,6,2,1,33,5,1,1,1,1,2, , , , , , , , , , , , , , , , , , , , , , , , , ,4.5,.609163490878193,7
R_30wzqa15TJZ2xPK,5,3,2,5,3,6,3,3,6,5,3,4,2,6,3,5,5,5,4,4,5,2,6,3,2,5,4,6,2,2,5,5,3,5,4,3,2,7,2,2,6,5,6,2,1,5,5,31,1,1,2,6,2,1,31,6,1,1,1,1,2, , , , , , , , , , , , , , , , , , , , , , , , , ,5,.132216366554815,5
R_31BKCT5jFMJmMUY,7,7,7,6,7,6,5,7,6,7,6,6,6,7,6,5,6,7,6,6,1,1, , , , , , , , , , , , , , , , , , , , , , , , , ,30,1,1,1,6,1,1,12,6,1,2,1,1,1,7,6,7,1,2,6,7,6,1,2,6,7,6,3,2,7,6,7,1,1,7,6,7,1,1,4.83333333333333,-1.43905702302622,7
R_31gv8Se6MqHjfjy,7,2,2,6,2,6,2,3,5,5,5,5,2,5,3,3,3,5,2,5,4,3,3,4,4,3,3,3,4,4,4,4,3,3,3,3,4,3,4,4,3,3,3,4,4,3,3,48,1,1,2,6,2,1,48,7,1,1,1,1,2, , , , , , , , , , , , , , , , , , , , , , , , , ,4.66666666666667, , 
R_3CTtqsYIc4XLgPq,6,4,3,5,4,7,2,4,7,7,2,7,1,7,1,6,7,7,4,7,1,1, , , , , , , , , , , , , , , , , , , , , , , , , ,48,2,1,2,6,2,1,48,7,1,1,1,1,2,7,3,1,6,6,6,2,1,5,5,5,3,1,4,4,7,5,1,6,5,4,4,1,4,4,6.58333333333333,.334324768514524,7
R_3dEuqgafVrZ5QhZ,7,1,1,6,1,7,1,1,7,7,1,7,1,7,1,7,7,7,1,7,6,2,7,1,1,6,6,7,1,1,6,6,3,5,4,3,3,7,1,1,6,6,7,1,1,6,6,29,2,1,2,6,2,1,29,7,1,1,1,1,2, , , , , , , , , , , , , , , , , , , , , , , , , ,7,.633073549554087,6
R_3DnzHvgte54r5qz,6,2,2,7,1,6,1,4,6,4,6,4,6,3,7,1,5,2,6,1,1,1, , , , , , , , , , , , , , , , , , , , , , , , , ,23,1,1,2,6,2,1,23,2,1,1,1,1,2,7,1,1,6,6,6,3,2,5,5,2,7,4,2,2,3,4,2,4,4,7,1,1,6,6,2.75,.0726061120829268,7
R_3EonoVs34rQJHIo,5,5,2,6,3,6,2,4,6,4,6,5,4,2,6,5,6,4,3,4,5,3, , , , , , , , , , , , , , , , , , , , , , , , , ,22,1,1,1,6,2,1,22,5,1,1,1,1,2,3,5,5,2,1,5,5,3,5,5,6,6,6,1,2,5,2,2,5,4,7,1,1,6,6,4.08333333333333, , 
R_3EotXE8uefuGeSh,6,2,2,7,1,5,6,1,3,5,5,7,3,7,1,1,5,7,2,7,1,1, , , , , , , , , , , , , , , , , , , , , , , , , ,40,2,1,2,6,2,1,40,7,1,1,1,1,2,7,6,1,6,6,7,7,1,6,6,7,7,1,6,6,7,7,1,6,6,7,7,2,6,6,5.25,.44294686075958,7
R_3fe1lq1eQY7t532,6,6,5,6,7,6,6,7,6,7,6,5,6,6,7,7,6,7,7,6,5,1, , , , , , , , , , , , , , , , , , , , , , , , , ,30,1,1,1,5,1,1,30,4,1,2,1,1,1,6,5,4,3,1,6,6,7,3,3,6,7,7,2,2,5,7,7,2,3,5,6,5,2,3,4.66666666666667,-1.21669348278291,3
R_3G0Nw3IYjf5A7El,5,5,3,6,4,6,5,5,7,7,2,7,2,6,2,7,6,7,1,6,6,2,6,1,4,5,5,6,1,3,6,5,5,1,2,4,4,4,4,4,4,4,5,2,2,5,4,42,1,1,2,6,2,1,42,2,1,1,1,1,2, , , , , , , , , , , , , , , , , , , , , , , , , ,6.5,.127020600706034,6
R_3g5klk7zXg99m7B,5,5,6,5,5,6,4,5,6,6,2,5,2,7,5,6,6,5,6,6,2,1, , , , , , , , , , , , , , , , , , , , , , , , , ,27,1,1,2,6,2,1,27,6,1,1,1,1,2,2,5,6,3,2,7,5,3,6,6,6,1,1,5,5,6,2,1,5,4,7,3,1,5,5,5.33333333333333,.10405472186117,6
R_3GcUFgw1tO8nuhH,5,5,2,6,3,6,2,5,3,5,6,3,6,2,6,3,2,1,6,3,3,1, , , , , , , , , , , , , , , , , , , , , , , , , ,35,1,1,2,6,2,1,35,4,1,1,1,2,2,4,5,4,3,3,5,3,2,5,5,6,2,2,5,5,3,5,5,3,3,5,3,2,5,5,2.5,-.244174258574261,5
R_3GeWaYFPV6O6zTz,4,3,5,6,3,5,6,4,5,4,6,7,4,6,2,2,3,4,6,5,5,2,7,4,1,6,6,7,2,1,6,6,4,5,3,4,4,7,3,2,4,5,6,2,3,5,5,58,2,1,2,6,2,1,58,6,1,1,1,1,2, , , , , , , , , , , , , , , , , , , , , , , , , ,4.16666666666667,.363754574417186,5
R_3GoVJ861WtyzKs0,6,2,1,6,2,5,2,2,5,4,5,3,2,4,3,2,2,5,3,4,6,2,5,2,5,2,4,7,1,1,6,6,5,1,3,5,4,3,2,5,4,4,5,2,3,5,5,28,2,1,2,5,2,1,28,4,2,1,1,1,2, , , , , , , , , , , , , , , , , , , , , , , , , ,4,.0612155169601009,6
R_3gTKj47Pn9wqnyW,7,1,1,7,1,7,1,1,6,7,1,7,1,7,1,7,7,7,2,6,1,1, , , , , , , , , , , , , , , , , , , , , , , , , ,44,2,1,2,6,2,1,44,3,1,1,1,1,2,2,6,1,2,2,3,5,4,4,2,6,2,1,6,6,1,7,1,1,1,5,3,1,5,5,6.75,-.587284070646411,7
R_3gZ8tOCX7Dti0Fg,6,1,2,3,1,5,2,1,2,7,5,6,1,6,6,7,2,6,5,7,5,2,6,1,1,5,5,7,1,1,6,6,2,5,6,2,2,3,6,5,3,2,6,1,1,5,5,57,2,1,2,6,2,1,57,7,1,1,1,1,2, , , , , , , , , , , , , , , , , , , , , , , , , ,4.83333333333333,-.126898661388736,5
R_3gZd8tCvqi9urFu,6,2,1,6,2,7,2,1,6,6,1,7,2,7,1,5,6,6,2,5,4,3, , , , , , , , , , , , , , , , , , , , , , , , , ,43,2,1,2,6,2,1,43,6,1,1,1,1,2,2,7,5,1,3,2,7,6,1,2,3,6,3,3,4,5,3,2,5,4,3,6,3,2,3,6.16666666666667, , 
R_3hgXBfz6X55KkzL,7,6,5,5,4,5,5,4,1,7,5,4,7,5,5,4,5,4,5,5,5,1, , , , , , , , , , , , , , , , , , , , , , , , , ,25,2,2,3,6,2,1,25,5,1,1,1,1,2,6,6,6,1,1,7,6,6,2,4,6,6,5,1,3,6,6,5,2,4,7,6,5,1,3,3.75,-1.08624205988454,3
R_3hiopZAVNTK5Xwo,6,2,2,6,1,6,3,2,2,2,6,2,7,1,7,1,2,5,7,2,7,2,7,2,3,6,6,7,1,1,6,6,2,7,7,1,1,7,2,3,5,5,7,1,2,6,6,37,1,1,2,6,2,1,37,7,1,1,1,1,2, , , , , , , , , , , , , , , , , , , , , , , , , ,1.83333333333333,.192111995773562,7
R_3hokh54j6U4JMvp,5,2,2,6,2,5,2,3,5,5,4,6,4,6,6,4,6,6,3,5,6,2,5,3,3,5,5,6,2,2,5,5,5,5,4,3,3,4,5,5,3,3,4,4,4,3,3,30,2,1,2,6,2,1,30,5,1,1,1,1,2, , , , , , , , , , , , , , , , , , , , , , , , , ,4.83333333333333,-.419761821711987,6
R_3iUs90BE6bZFAYo,5,2,2,5,2,3,3,5,2,2,5,5,5,5,5,3,3,5,3,3,6,2,4,5,5,2,2,5,5,5,5,5,5,4,5,3,5,3,4,3,2,2,3,5,5,5,3,29,1,1,2,3,2,1,29,2,1,1,1,1,2, , , , , , , , , , , , , , , , , , , , , , , , , ,3.5,-.820524953581831,6
R_3IW8AJfY4Hagrke,6,6,2,6,2,6,3,1,5,5,6,6,2,6,2,4,5,6,3,5,6,2,7,1,1,6,6,7,1,1,6,6,4,4,5,4,4,7,1,1,6,6,5,2,3,5,5,45,2,1,2,6,2,1,45,6,1,1,1,1,2, , , , , , , , , , , , , , , , , , , , , , , , , ,5.08333333333333,.538022515898824,6
R_3JmVwuoE2jkSAWN,6,2,2,6,2,6,2,2,4,4,3,5,3,5,3,4,4,5,4,4,4,2,2,4,6,2,2,2,4,6,2,2,2,4,6,2,2,2,4,6,2,2,2,4,6,2,2,24,1,1,2,6,2,1,21,2,1,1,1,1,2, , , , , , , , , , , , , , , , , , , , , , , , , ,4.5,-1.58531087868214,4
R_3jTIaq9hvh3s9JI,6,6,5,6,2,5,5,3,7,7,1,7,1,7,7,7,7,7,2,7,3,1, , , , , , , , , , , , , , , , , , , , , , , , , ,56,2,1,2,6,2,1,56,5,1,1,1,1,2,7,1,1,6,6,7,1,1,6,6,7,1,1,6,6,1,7,1,1,1,7,4,1,5,5,6.41666666666667,.381197501304315,5
R_3JwtI2SiE98c8Tj,6,4,4,5,5,3,4,4,4,3,5,5,4,5,5,3,3,4,4,3,6,2,6,2,1,6,6,6,7,2,5,5,6,2,3,5,5,7,2,1,6,5,6,3,2,5,5,30,2,1,2,6,2,1,30,4,1,1,1,1,2, , , , , , , , , , , , , , , , , , , , , , , , , ,3.66666666666667,.428889350665074,6
R_3k0M0lTpJ3IfV9m,6,1,1,6,1,6,2,1,6,6,2,7,2,6,6,4,7,2,2,6,3,1, , , , , , , , , , , , , , , , , , , , , , , , , ,28,1,1,2,6,2,1,28,3,1,1,1,1,2,3,5,4,2,3,6,3,5,2,2,1,7,6,1,1,5,3,3,4,4,2,6,2,1,1,5.33333333333333,-1.23089493314847,5
R_3ke5Jgke1Rn549d,6,3,2,6,2,6,2,2,3,4,4,6,3,6,6,3,4,6,3,3,1,1, , , , , , , , , , , , , , , , , , , , , , , , , ,35,1,1,2,6,2,1,35,7,1,1,1,1,2,6,3,3,4,4,5,3,2,4,4,5,3,2,4,5,6,2,2,5,5,5,3,2,5,5,4.25,.0957085858681958,7
R_3LkbcmgDFqyjg6I,5,4,3,6,2,6,4,6,6,7,7,6,4,6,2,5,6,6,2,6,6,1, , , , , , , , , , , , , , , , , , , , , , , , , ,27,1,1,2,8,2,1,27,3,1,1,1,1,2,5,5,4,3,4,4,4,4,3,3,5,3,4,2,4,4,4,4,2,4,4,5,4,1,2,5.41666666666667,-.854258939988451,2
R_3lLUAqNq29MZhZk,5,2,2,6,3,5,3,3,6,7,2,6,2,6,3,5,6,6,3,7,2,1, , , , , , , , , , , , , , , , , , , , , , , , , ,22,2,1,2,6,2,1,22,2,1,1,1,2,2,5,3,5,5,5,5,3,3,5,5,4,3,3,5,5,5,2,6,5,5,4,3,3,5,5,5.91666666666667,-.0532307392882554,6
R_3lW6WHb3KIs3CHG,7,2,2,6,2,6,2,6,6,4,6,6,6,6,6,4,6,6,1,1,1,1, , , , , , , , , , , , , , , , , , , , , , , , , ,58,1,1,2,6,2,1,58,5,1,1,1,1,2,5,1,7,5,5,7,1,7,5,5,7,1,7,5,5,7,1,7,5,5,7,1,7,5,5,4.33333333333333,.0541652503075743,7
R_3MEuw8OnE0FLgAT,5,6,4,6,4,6,4,6,6,3,6,5,7,4,4,2,5,3,3,2,1,1, , , , , , , , , , , , , , , , , , , , , , , , , ,30,2,1,2,6,2,1,30,5,1,1,1,1,2,7,1,1,6,6,7,1,1,6,6,7,1,7,6,6,7,1,1,6,6,7,1,1,6,6,3.5,.913066544022006,7
R_3mkQ0i2OFuugnAd,5,3,2,6,2,6,2,2,5,6,2,7,2,7,1,5,5,7,2,6,7,2,7,1,1,6,6,7,1,1,6,6,6,2,1,5,5,7,1,1,6,6,6,1,1,5,5,35,2,1,2,6,2,1,35,5,1,1,1,1,2, , , , , , , , , , , , , , , , , , , , , , , , , ,6.08333333333333,.857896523359319,7
R_3n12Xvk4PNW9qp7,6,2,2,6,2,6,2,1,5,5,7,4,6,3,5,5,5,3,5,3,7,2,7,1,1,6,6,7,1,1,6,6,5,3,6,5,5,7,1,1,6,6,7,1,1,6,6,38,1,1,2,6,2,1,38,6,1,1,1,1,2, , , , , , , , , , , , , , , , , , , , , , , , , ,3.5,.789787528322479,7
R_3nilMydKC7NGbRH,5,5,4,6,5,6,5,4,5,5,5,5,3,5,4,5,6,5,3,5,6,2,4,6,4,3,3,6,2,2,5,5,6,7,3,4,4,7,1,7,6,6,2,7,5,2,2,42,2,1,2,6,2,1,42,6,1,1,1,1,2, , , , , , , , , , , , , , , , , , , , , , , , , ,4.83333333333333,-.491525104748046,6
R_3NJKlsP101yALmd,5,5,5,5,3,3,4,3,4,3,3,4,5,4,3,5,5,3,5,3,5,2,4,3,5,4,3,4,3,4,3,3,4,3,4,3,3,3,3,4,4,3,4,5,4,3,3,34,1,1,2,6,2,1,34,7,1,1,1,1,2, , , , , , , , , , , , , , , , , , , , , , , , , ,3.91666666666667,-.756907589507392,5
R_3NNYgUrwqYVx6ol,7,2,3,6,3,7,3,3,3,3,5,5,6,4,4,6,4,3,5,5,7,2,7,6,5,6,6,7,7,4,6,6,5,2,4,3,4,7,5,7,4,4,6,4,5,3,3,34,1,1,2,6,2,1,27,4,1,1,1,1,2, , , , , , , , , , , , , , , , , , , , , , , , , ,3.75,-.262816016693913,7
R_3NxsLkawhgK1V11,5,3,4,6,5,6,5,4,6,6,3,6,2,6,2,4,7,5,5,4,5,2,6,6,3,5,5,4,3,4,5,5,6,2,5,5,4,5,6,3,3,3,4,3,4,3,4,33,2,1,2,6,2,1,33,3,1,1,1,1,2, , , , , , , , , , , , , , , , , , , , , , , , , ,5.33333333333333,-.332667847809851,5
R_3O0lJ6dHcQ0fhvT,5,6,6,5,2,6,3,2,5,5,6,6,4,5,2,4,7,6,5,4,2,1, , , , , , , , , , , , , , , , , , , , , , , , , ,28,2,1,2,6,2,1,28,3,1,1,1,1,2,3,5,5,3,3,3,5,4,3,3,5,5,3,4,4,3,6,6,3,3,1,5,4,3,2,4.75,-1.08993932258813,6
R_3oBmbK0AJQ38s1D,5,1,2,7,1,7,1,1,3,3,4,5,4,5,2,3,6,5,3,3,6,3,6,2,1,6,6,7,1,1,6,6,3,5,3,4,4,7,1,1,6,6,6,2,1,6,6,29,1,1,2,2,2,1,29,5,1,1,1,1,2, , , , , , , , , , , , , , , , , , , , , , , , , ,4.33333333333333, , 
R_3Oleph1SVssl0tY,3,5,5,3,5,4,5,5,6,6,2,6,2,5,2,3,7,6,2,6,2,1, , , , , , , , , , , , , , , , , , , , , , , , , ,29,2,1,2,6,2,1,29,5,1,1,1,1,2,6,2,3,5,5,7,1,1,6,6,7,1,2,6,6,7,1,2,6,6,5,3,4,4,4,5.75,.580862755892471,6
R_3OrL6vpvcqtEvo6,5,2,2,6,2,6,2,2,5,5,4,6,4,6,2,5,4,6,4,5,7,2,7,1,1,6,6,7,1,1,6,6,5,1,1,6,6,7,1,1,6,6,7,1,1,6,6,26,2,1,2,6,2,1,26,7,2,1,1,1,2, , , , , , , , , , , , , , , , , , , , , , , , , ,5,.992617507389292,7
R_3P7hwHlEwdMtDqt,6,2,1,5,2,6,2,3,5,6,4,6,2,6,2,4,7,6,3,6,1,1, , , , , , , , , , , , , , , , , , , , , , , , , ,28,1,1,2,6,2,1,28,7,1,1,1,1,2,7,2,1,6,6,7,3,1,6,6,7,1,1,6,6,7,1,1,6,6,7,3,1,6,6,5.58333333333333,.942408720485099,7
R_3pgcrHl8YPpdzBi,5,3,3,5,2,5,3,2,7,7,1,7,1,7,1,7,7,7,1,7,6,2,7,2,1,5,6,7,1,1,6,6,3,5,2,2,2,7,1,1,6,6,7,1,1,6,6,36,2,1,2,6,2,1,36,6,1,1,1,1,2, , , , , , , , , , , , , , , , , , , , , , , , , ,7,.574293710546301,6
R_3PHbL2BmaVoeyZq,5,6,4,5,6,6,5,6,5,4,5,6,6,5,5,6,4,5,6,6,4,2,6,7,7,1,3,5,5,4,4,4,6,5,4,6,2,5,6,5,4,5,6,5,5,3,3,24,1,1,2,6,2,1,247,5,1,1,1,1,2, , , , , , , , , , , , , , , , , , , , , , , , , ,4.25,-.738010630225287,4
R_3PMOtERQoU4ye4t,4,6,5,2,7,4,4,6,6,7,1,6,1,6,2,1,6,6,2,7,7,2,7,4,1,6,6,7,3,1,6,6,5,4,5,5,4,6,4,1,6,6,6,4,2,5,5,26,2,1,2,6,2,1,26,4,1,1,1,1,2, , , , , , , , , , , , , , , , , , , , , , , , , ,5.91666666666667,.416585920429232,7
R_3PT72EbZKKUyQ9G,5,5,3,1,5,5,6,6,5,6,2,5,3,5,4,3,6,6,2,6,7,3,4,5,3,3,3,6,2,1,5,5,3,6,3,2,2,6,2,2,5,5,4,5,4,3,3,35,1,1,2,6,2,1,35,3,1,1,1,1,2, , , , , , , , , , , , , , , , , , , , , , , , , ,5.25, , 
R_3qakMuxzSKSfCR8,6,3,3,6,2,6,3,2,5,4,5,6,3,6,2,3,5,6,4,3,3,1, , , , , , , , , , , , , , , , , , , , , , , , , ,39,2,1,2,6,2,1,39,5,1,1,1,1,2,7,6,3,5,4,6,5,4,5,4,5,3,2,5,5,6,3,3,4,4,4,5,2,4,4,4.66666666666667,-.124621125193805,5
R_3qeUQ6Pz4VlSimQ,4,2,3,3,3,3,3,3,6,6,1,6,1,6,6,2,6,6,3,6,1,1, , , , , , , , , , , , , , , , , , , , , , , , , ,42,2,1,2,5,2,1,42,4,1,1,1,2,2,6,2,5,6,5,7,2,2,6,6,6,2,2,6,6,7,3,2,6,6,7,3,3,5,5,5.41666666666667,.57053646000036,7
R_3qqjOeoYF00sDj0,4,3,4,2,6,6,3,5,7,6,3,7,4,5,5,4,6,7,2,7,7,2,6,2,1,6,6,7,2,1,6,6,3,3,2,2,3,7,1,1,6,6,4,5,2,3,3,37,1,1,2,6,2,1,37,7,1,1,1,1,2, , , , , , , , , , , , , , , , , , , , , , , , , ,5.58333333333333,.270166594465525,7
R_3R3BZ3h5hkGa1mW, ,5,6,5,6,5,6,5,1,1,6,5,6,6,6,1,1,6,1,4,2,1, , , , , , , , , , , , , , , , , , , , , , , , , ,32,1,1,2,6,1,1,35,7,1,1,1,1,1,3,4,5,2,2,4,4,5,3,3,6,6,4,1,6,4,5,5,3,3,4,3,4,4,5,3.16666666666667,-.84911307208045,6
R_3RavI8tvtE75mB6,5,2,2,6,2,3,5,2,6,7,3,6,2,6,2,6,6,5,2,7,7,2,7,4,3,5,5,7,1,1,6,6,7,3,2,5,5,6,2,3,5,5,5,4,4,4,4,23,1,1,3,6,2,2,23,7,1,1,1,2,2, , , , , , , , , , , , , , , , , , , , , , , , , ,6,.331411869159213,7
R_3rHiniAUtoILOIO,6,2,1,6,1,6,1,1,2,5,5,6,1,7,4,5,5,6,5,7,3,1, , , , , , , , , , , , , , , , , , , , , , , , , ,40,1,1,2,6,2,1,40,1,1,1,1,1,2,6,2,4,3,3,4,3,4,5,6,3,2,4,3,2,5,3,4,4,4,5,4,5,4,3,5,-.439752092968584,5
R_3rTUZQYZKyugjnR,6,1,1,6,5,5,2,4,7,7,1,7,1,7,7,5,6,6,3,6,7,2,7,1,1,5,5,7,1,1,6,6,2,6,6,2,2,7,2,1,6,6,7,7,1,6,6,34,2,1,2,6,2,1,34,5,1,1,1,1,2, , , , , , , , , , , , , , , , , , , , , , , , , ,5.91666666666667,.296457136407401,7
R_3s55BLJMP98wkgc,5,4,2,3,5,4,4,4,3,4,4,6,4,3,3,4,4,4,4,3,4,2,6,5,2,5,4,6,6,2,5,6,5,4,4,3,3,3,7,4,3,4,4,3,2,3,4,24,1,1,2,6,2,1,24,2,1,1,1,1,2, , , , , , , , , , , , , , , , , , , , , , , , , ,4,-.38726965409272,4
R_3sdEJlSYI3HZjoy,4,4,6,5,5,3,6,2,5,2,3,4,5,5,3,5,6,3,2,5,4,3,5,7,3,5,4,4,3,6,2,2,3,5,3,2,2,6,5,5,4,2,5,5,3,3,4,35,1,1,2,6,2,1,35,5,1,1,1,1,2, , , , , , , , , , , , , , , , , , , , , , , , , ,4.5, , 
R_3siwgIAzbhJ7l8K,4,1,2,7,1,6,7,1,3,2,5,7,2,4,1,2,6,7,6,3,4,3, , , , , , , , , , , , , , , , , , , , , , , , , ,49,1,1,2,6,2,1,49,7,1,1,1,1,2,4,7,1,4,3,7,1,1,6,6,5,5,3,4,3,6,5,3,4,3,6,2,1,5,5,4.33333333333333, , 
R_3WdqZk1zpO3wyBP,5,5,5,4,5,3,3,4,6,5,5,4,3,3,4,3,5,4,4,2,2,1, , , , , , , , , , , , , , , , , , , , , , , , , ,34,1,1,2,6,2,1,34,5,1,1,1,1,2,6,3,5,4,4,4,3,4,5,4,5,5,3,4,4,5,5,4,4,4,5,4,5,4,4,4,-.405966906231888,6
R_40y6z0rg4HZBlrX,5,5,3,5,4,4,3,3,5,6,3,6,3,6,2,5,5,6,3,6,6,2,3,5,4,3,3,7,1,2,6,6,5,3,2,4,4,5,4,3,5,5,3,5,4,3,3,28,2,1,2,6,2,1,28,2,1,1,1,1,2, , , , , , , , , , , , , , , , , , , , , , , , , ,5.5,-.24159807556565,6
R_5pRmNOsKrHicFeV,5,2,2,6,2,6,2,3,5,5,2,6,2,7,2,3,6,6,3,5,7,2,6,2,1,6,5,7,1,1,6,6,3,3,3,4,4,7,1,1,6,6,3,5,2,3,3,25,1,1,2,2,2,1,25,7,1,1,1,1,2, , , , , , , , , , , , , , , , , , , , , , , , , ,5.5,.298515178749123,7
R_785QaLQFN6TIW1H,4,6,3,2,1,5,6,6,1,2,1,4,6,4,5,2,6,3,2,1,4,3,3,6,5,3,4,5,4,3,3,1,3,3,3,4,5,5,5,5,4,4,5,6,3,3,3,58,2,1,2,5,2,1,58,5,1,2,1,1,2, , , , , , , , , , , , , , , , , , , , , , , , , ,3.41666666666667, , 
R_8IBVQMequKUAHLP,5,3,3,5,4,5,3,3,5,5,2,6,2,6,2,5,6,6,3,5,3,1, , , , , , , , , , , , , , , , , , , , , , , , , ,38,2,1,2,6,2,1,38,3,1,1,1,1,2,6,6,4,4,4,6,6,4,4,4,6,6,2,5,5,4,5,4,3,3,6,6,3,4,4,5.58333333333333,-.444300828040536,5
R_8q9cOjvxmniIIIF,6,1,1,6,1,6,1,2,6,7,4,6,5,6,6,2,6,6,6,6,5,2,7,1,1,6,6,7,1,1,6,6,4,4,3,4,4,5,1,2,4,4,3,7,2,3,2,33,1,1,2,6,2,1,33,6,1,1,1,1,2, , , , , , , , , , , , , , , , , , , , , , , , , ,4.66666666666667,.125895710925378,5
R_9KOwy975clbwzWV,7,1,1,7,1,7,1,1,4,6,7,3,6,3,7,1,5,5,5,3,6,2,4,5,4,3,3,7,1,1,6,6,7,1,1,5,5,7,1,1,6,6,2,2,6,2,2,33,2,1,2,5,2,1,33,5,1,1,1,1,2, , , , , , , , , , , , , , , , , , , , , , , , , ,3.08333333333333,.108896426261626,6
R_9ozxzCTtVbEUg01,5,3,3,5,5,5,3,5,6,6,3,6,3,5,5,5,5,5,3,6,6,2,5,3,3,4,4,5,2,3,4,4,3,5,4,3,3,5,2,3,5,5,3,5,4,3,3,29,2,1,2,6,2,1,29,5,1,1,1,1,2, , , , , , , , , , , , , , , , , , , , , , , , , ,5.16666666666667,-.445102492893589,6
R_a9SRaNSNyZ8WvfP,5,5,6,4,5,5,6,6,7,7,2,7,1,7,2,7,7,7,2,6,6,2,7,1,1,6,6,7,1,1,6,6,5,3,2,3,4,7,1,1,6,6,7,2,1,6,6,41,2,1,2,6,2,1,41,6,1,1,1,1,2, , , , , , , , , , , , , , , , , , , , , , , , , ,6.66666666666667,.772605617460342,6
R_AA1vonspuD76IKJ,6,1,1,7,2,6,1,1,7,7,2,7,1,7,1,5,7,6,1,7,3,1, , , , , , , , , , , , , , , , , , , , , , , , , ,36,2,1,2,6,2,1,36,5,1,1,1,2,2,5,3,1,4,4,5,5,1,4,4,7,2,1,6,6,2,6,1,2,2,6,5,1,5,5,6.66666666666667,-.0455792088511324,5
R_b1az6H3ElxwHWMh,5,5,6,6,5,5,2,2,2,5,5,6,5,5,5,6,5,5,2,5,6,2,7,1,1,6,6,4,5,4,3,3,2,7,7,1,1,3,4,3,3,3,4,5,3,4,4,39,1,1,2,6,2,1,14,7,1,2,2,1,2, , , , , , , , , , , , , , , , , , , , , , , , , ,4.5,-.704553041432799,6
R_bDcBmp56HjiJq3D,6,3,2,6,2,7,2,3,6,7,2,7,2,7,1,6,6,7,2,6,7,2,7,2,1,6,6,7,2,1,6,6,3,6,4,4,4,6,3,2,5,5,7,3,1,5,6,26,2,1,2,6,2,1,26,6,1,1,1,1,2, , , , , , , , , , , , , , , , , , , , , , , , , ,6.41666666666667,.418333277899639,7
R_BEOhH6pqzxXkcHn,6,2,2,6,6,6,3,3,5,5,4,3,4,5,4,6,5,3,3,5,2,1, , , , , , , , , , , , , , , , , , , , , , , , , ,40,2,1,2,6,2,1,40,6,1,1,1,1,2,6,1,3,6,6,5,2,3,5,5,5,3,3,4,4,5,1,2,5,4,5,2,2,4,4,4.5,.182336620915228,6
R_Bu1CNhmJG5IIolH,6,6,5,5,6,5,5,5,6,4,6,5,6,5,5,5,5,5,4,5,3,2,5,5,5,2,3,5,4,5,2,3,5,5,5,4,3,5,5,5,3,3,5,5,5,2,5,27,1,1,2,6,2,1,27,6,1,1,1,1,2, , , , , , , , , , , , , , , , , , , , , , , , , ,4.25,-.88520382054456,3
R_cHenKfKksfyq1Rn,7,1,1,6,1,6,2,2,6,6,2,6,2,6,2,6,6,6,2,5,6,2,6,2,2,6,6,7,2,2,6,6,2,3,3,5,5,6,2,2,6,6,7,1,2,6,6,42,1,1,2,6,2,1,38,6,1,1,1,1,2, , , , , , , , , , , , , , , , , , , , , , , , , ,5.91666666666667,.584545997357205,6
R_cTmgNfsTv7FPb7H,5,3,2,5,2,5,2,2,4,5,3,5,2,5,3,6,4,5,4,5,1,1, , , , , , , , , , , , , , , , , , , , , , , , , ,59,1,1,2,6,2,1,59,7,1,1,1,1,2,7,1,1,6,6,7,1,1,6,6,7,1,1,6,6,7,1,1,6,6,7,1,1,6,6,4.91666666666667,1.04127819941027,7
R_DbEE4cyBnLWKf6x,7,1,7,7,1,7,1,1,1,1,7,5,7,5,6,1,1,7,7,1,5,2,7,7,1,6,6,7,1,7,6,6,5,7,7,4,4,7,1,1,6,5,7,5,5,5,5,27,1,1,1,8,2,1,27,5,1,1,1,1,2, , , , , , , , , , , , , , , , , , , , , , , , , ,2.25,.12334582057221,5
R_Ddg8ZAqmFQbzXS9,2,6,6,1,5,3,6,6,7,7,4,6,2,4,7,6,7,7,1,7,6,2,7,1,1,6,6,7,1,4,6,6,7,6,7,3,3,7,1,7,6,6,6,6,4,3,3,46,2,1,2,6,2,1,46,4,1,1,1,1,2, , , , , , , , , , , , , , , , , , , , , , , , , ,5.75,.0851706063782258,6
R_DeMQlXzkEL26Lvj,5,3,4,4,2,6,5,3,6,6,4,5,2,6,5,6,7,4,3,6,5,2,6,2,2,5,5,7,1,2,5,5,3,3,4,3,3,4,4,5,3,3,6,2,3,5,5,70,1,1,2,6,2,1,70,5,1,1,1,1,2, , , , , , , , , , , , , , , , , , , , , , , , , ,5.33333333333333,-.0614141083496282,5
R_erqc2JSZlap9k1b,5,6,6,2,6,5,5,3,5,5,3,5,3,5,6,2,4,3,2,6,7,2,7,1,1,6,6,7,1,1,6,6,5,6,4,4,4,7,1,1,6,6,7,1,1,6,6,32,2,1,2,6,2,1,32,5,1,1,1,2,2, , , , , , , , , , , , , , , , , , , , , , , , , ,4.41666666666667,.715946133570467,7
R_NWGwxScNCszPP69,7,3,1,6,1,7,1,1,6,6,2,7,1,7,1,4,7,7,3,5,3,1, , , , , , , , , , , , , , , , , , , , , , , , , ,42,2,1,2,6,2,1,42,7,1,1,1,1,2,7,5,1,6,6,7,5,1,6,6,7,1,1,6,6,7,5,1,6,6,6,6,1,5,4,6.16666666666667,.594038820526851,5
R_OItijbGESDkgnvz,7,2,2,6,2,6,2,2,4,5,5,6,1,6,6,6,5,4,5,5,7,2,7,1,1,6,6,7,1,1,6,6,6,1,1,6,6,7,1,1,6,6,7,1,1,6,6,37,2,1,2,5,2,1,37,7,1,1,1,1,2, , , , , , , , , , , , , , , , , , , , , , , , , ,4.66666666666667,1.01694785339978,7
R_ONWqEC1FLcnYHqp,5,2,2,6,2,6,2,1,5,6,2,6,2,6,6,6,6,7,2,6,2,1, , , , , , , , , , , , , , , , , , , , , , , , , ,31,1,1,2,6,2,1,31,6,1,1,1,1,2,6,2,2,5,5,5,3,2,6,5,6,3,2,5,5,6,2,1,5,5,6,3,2,5,5,5.66666666666667,.381232649284644,6
R_pixf6VOpCW3jinL,5,3,3,6,2,5,2,2,5,4,6,5,6,5,4,3,3,6,5,2,5,2,5,3,3,5,5,6,3,3,5,5,3,3,5,4,4,5,6,5,4,4,5,4,3,4,4,48,1,1,2,6,2,1,48,6,1,1,1,1,2, , , , , , , , , , , , , , , , , , , , , , , , , ,3.66666666666667,-.268781141934405,5
R_PXQzmijNMm5VHe9,6,2,1,7,1,7,1,1,2,1,7,4,7,2,5,2,3,3,6,2,7,2,7,4,1,5,5,7,1,1,6,6,4,6,2,3,3,7,4,1,6,6,6,5,1,5,5,47,2,1,2,6,2,1,47,7,1,1,1,1,2, , , , , , , , , , , , , , , , , , , , , , , , , ,2.16666666666667,.343936444680879,7
R_Q9WAWP9dhiqSWJz,6,2,2,7,1,6,2,1,2,1,7,6,7,6,7,1,1,6,7,1,3,1, , , , , , , , , , , , , , , , , , , , , , , , , ,32,1,1,2,6,2,1,32,5,1,1,1,1,2,7,2,1,6,5,7,1,1,6,6,7,2,1,5,6,7,2,3,5,6,6,2,3,5,6,2.33333333333333,.73727999387931,5
R_Qbms7KOcBPNHEhb,5,6,5,4,6,6,5,6,6,5,6,7,6,6,5,6,6,5,4,5,5,1, , , , , , , , , , , , , , , , , , , , , , , , , ,30,1,1,1,5,1,1,30,4,1,1,1,1,1,5,6,5,4,3,5,4,6,5,2,5,6,5,5,3,5,5,6,4,3,5,5,6,4,4,4.75,-.78797918368891,3
R_QbtDQ0hCmBjidnr,5,2,2,1,2,6,3,4,5,6,1,6,1,5,4,6,7,6,2,6,6,2,6,3,2,5,5,6,4,3,5,5,5,4,4,4,4,4,6,5,3,3,3,6,5,3,3,31,1,1,2,5,2,1,31,5,1,1,1,1,2, , , , , , , , , , , , , , , , , , , , , , , , , ,5.91666666666667,-.464730904797268,6
R_Qbtn8DPAsmtPMBP,4,6,3,4,3,4,5,4,6,6,2,5,3,2,5,5,3,2,5,4,5,2,4,4,3,4,4,7,1,2,6,6,3,5,3,4,4,7,1,2,6,6,6,3,3,5,5,27,1,1,2,6,2,1,27,4,1,1,1,1,2, , , , , , , , , , , , , , , , , , , , , , , , , ,4.16666666666667,.207539640446925,5
R_qOgfvYnVBx562HL,6,2,2,6,2,6,3,6,6,6,5,6,6,6,6,6,6,6,3,6,6,2,5,6,3,5,5,5,5,5,5,5,4,5,5,4,4,5,5,5,4,4,5,5,5,4,4,30,2,1,1,6,2,1,30,4,1,1,1,1,2, , , , , , , , , , , , , , , , , , , , , , , , , ,5,-.503378226305341,6
R_qW5RnGUurIDR7tT,7,1,1,7,1,7,1,1,3,1,7,3,7,3,5,1,1,1,5,1,1,1, , , , , , , , , , , , , , , , , , , , , , , , , ,45,1,1,2,6,2,1,45,7,1,1,1,1,2,7,1,1,6,6,7,3,3,5,5,7,1,1,6,6,7,1,4,4,4,7,1,1,6,6,1.83333333333333,.723033227145088,7
R_r2oZrkCW5VMDOE1,1,5,7,4,7,6,7,7,1,1,6,1,7,5,7,1,1,2,6,1,7,3,7,1,1,6,6,7,1,1,6,6,5,3,4,5,4,7,1,1,6,6,7,3,1,5,4,21,4,1,2,5,2,1,21,5,1,1,1,1,2, , , , , , , , , , , , , , , , , , , , , , , , , ,1.58333333333333, , 
R_RDDyikT7ILtHPqN,5,5,5,5,4,6,6,6,4,5,5,6,5,5,5,5,6,6,6,5,2,1, , , , , , , , , , , , , , , , , , , , , , , , , ,25,2,1,2,6,2,1,25,5,1,1,1,1,2,5,5,4,4,4,3,4,5,3,4,5,4,3,4,4,3,4,4,4,4,4,5,3,3,3,4.41666666666667,-.651243752918279,6
R_RetuUWtqmtXRlO9,3,6,5,4,4,2,6,4,7,6,2,6,1,6,2,4,7,5,1,5,6,2,7,1,1,6,6,7,1,1,6,6,4,5,1,4,3,7,2,2,6,6,4,5,1,3,3,46,1,1,2,6,2,1,46,6,1,1,1,1,2, , , , , , , , , , , , , , , , , , , , , , , , , ,6,.378050465739721,6
R_REykUIA0qs9DfnX,6,2,2,6,4,6,2,4,6,6,3,6,2,6,2,4,6,6,2,6,7,2,7,1,1,6,6,7,1,1,6,6,7,2,1,6,6,7,1,1,6,6,7,1,1,6,6,20,1,1,2,6,2,1,20,7,1,1,1,1,2, , , , , , , , , , , , , , , , , , , , , , , , , ,5.75,1.02068651910543,7
R_rijnC9LhRs4wK8V,4,6,3,5,5,5,5,6,5,5,4,6,5,6,3,3,7,5,2,3,3,1, , , , , , , , , , , , , , , , , , , , , , , , , ,28,1,1,2,6,2,1,28,5,1,1,1,1,2,5,4,3,4,4,5,4,3,4,4,6,4,2,5,5,4,3,4,4,4,6,3,2,5,5,4.83333333333333,-.101316484082106,5
R_RjZMpNqSgBe3jsB,4,5,5,6,6,5,5,6,7,7,5,6,2,6,4,6,6,6,2,7,2,2,3,5,5,5,4,2,5,5,2,2,6,5,4,5,5,2,4,3,2,2,6,5,3,4,4,32,2,1,2,5,2,1,32,4,1,1,1,1,2, , , , , , , , , , , , , , , , , , , , , , , , , ,5.83333333333333,-.807378798303177,2
R_rrRFrZ2lH1pbPGh,4,3,3,5,5,5,3,6,6,6,5,4,5,5,4,4,5,6,3,6,3,1, , , , , , , , , , , , , , , , , , , , , , , , , ,52,1,1,2,6,2,1,52,4,1,1,1,1,2,4,3,3,4,4,5,4,3,3,3,5,4,3,5,5,5,3,4,2,4,4,4,3,4,4,4.75,-.39572717982722,5
R_sBalvWaxg8itKNj,6,1,1,6,1,6,1,2,1,1,5,4,5,3,5,1,1,4,7,1,7,2,7,1,1,6,6,7,1,1,6,6,7,1,1,6,6,7,1,1,6,6,7,1,1,6,6,35,1,1,2,6,2,1,35,7,1,1,1,1,2, , , , , , , , , , , , , , , , , , , , , , , , , ,2.16666666666667,1.04127819941027,7
R_shwQ13WMRkdFI1H,4,5,5,5,3,5,5,6,2,2,7,5,5,4,6,1,2,2,5,2,6,2,7,1,1,6,6,6,1,4,5,5,6,3,2,5,5,7,1,1,6,6,6,3,2,4,4,39,2,1,2,5,2,1,39,5,1,2,1,1,2, , , , , , , , , , , , , , , , , , , , , , , , , ,2.41666666666667,.537575771160369,6
R_tMrMfiVNm34wadP,5,2,2,6,1,6,2,1,5,5,4,6,4,6,6,5,5,5,3,3,6,2,5,7,4,4,4,7,1,1,6,6,3,7,7,2,2,7,1,1,6,6,7,1,1,6,6,50,2,1,2,6,2,1,50,6,1,1,1,1,2, , , , , , , , , , , , , , , , , , , , , , , , , ,4.58333333333333,.128717241031464,6
R_UPDZGQurYe54XHr,5,5,3,5,3,5,2,5,6,6,3,5,3,6,2,5,6,4,3,6,6,2,7,6,2,6,6,7,1,1,6,6,5,5,5,4,3,7,1,2,6,6,5,3,2,3,4,25,1,1,2,6,2,1,25,6,1,1,1,1,2, , , , , , , , , , , , , , , , , , , , , , , , , ,5.41666666666667,.28781915105159,6
R_UX7l3U0I6jTELm1,5,3,3,5,5,5,3,3,7,7,2,7,1,7,7,7,7,6,2,7,7,2,1,7,7,2,2,5,1,2,5,5,2,6,3,4,4,5,1,2,5,5,1,1,7,3,3,23,2,1,2,6,2,1,23,4,1,1,1,1,2, , , , , , , , , , , , , , , , , , , , , , , , , ,6.25,-.686786540653951,7
R_vALUNxfkiJ47Rvz,6,2,1,7,2,6,1,1,1,5,6,2,2,1,6,5,6,3,2,5,6,2,6,3,3,5,5,7,5,1,5,3,7,1,1,6,6,5,6,3,3,4,6,3,2,5,5,32,2,1,2,5,2,1,32,4,1,1,1,1,2, , , , , , , , , , , , , , , , , , , , , , , , , ,3.66666666666667,.206528152995845,6
R_vAnitqflCsWk837,3,7,5,4,6,4,5,7,7,7,2,4,1,5,5,7,7,7,1,7,2,1, , , , , , , , , , , , , , , , , , , , , , , , , ,53,1,1,2,6,2,1,53,3,1,1,1,1,2,7,4,1,5,5,7,4,1,5,5,7,1,1,6,6,6,6,1,4,4,4,7,2,3,3,6.16666666666667,.181799956621949,6
R_vkHO0aEKIbHU23f,5,4,4,5,5,5,4,4,5,5,5,6,4,6,2,4,3,7,5,3,6,2,7,2,1,6,6,7,1,1,6,6,2,2,2,3,2,7,1,1,6,6,7,4,1,5,5,43,1,1,2,6,2,1,43,4,1,1,1,1,2, , , , , , , , , , , , , , , , , , , , , , , , , ,4.58333333333333,.547784109045169,6
R_vVKfGuj5bHO265z,5,6,3,5,2,6,2,3,7,6,5,6,3,6,3,7,7,6,2,7,2,1, , , , , , , , , , , , , , , , , , , , , , , , , ,40,1,1,2,6,2,1,40,5,1,1,1,1,2,4,4,4,3,3,6,2,2,6,6,6,4,2,5,5,5,3,2,4,4,2,6,4,2,2,5.91666666666667,-.305347703655713,6
R_vZSnkdlX3lf3qal,6,1,2,7,3,6,2,2,6,6,5,6,2,5,5,3,6,5,3,3,2,1, , , , , , , , , , , , , , , , , , , , , , , , , ,37,2,1,2,5,2,1,37,7,1,1,1,1,2,1,6,6,1,2,2,5,6,2,2,5,4,3,4,4,6,3,3,5,4,3,5,6,3,3,4.75,-1.06859819479934,6
R_W0g65MWFFunkTMl,5,5,6,5,3,5,5,2,6,6,4,3,6,6,3,3,7,6,2,5,3,1, , , , , , , , , , , , , , , , , , , , , , , , , ,33,1,1,2,6,2,1,33,6,1,1,1,1,2,5,4,6,3,2,6,5,2,5,5,6,6,5,5,3,4,5,6,1,4,4,3,6,2,3,4.91666666666667,-.763706715064505,5
R_W1dSFLsdcwD3MfD,5,6,3,6,3,6,3,6,6,3,3,6,4,2,5,3,5,3,6,4,6,1, , , , , , , , , , , , , , , , , , , , , , , , , ,24,1,1,2,5,2,2,24,5,1,1,1,1,2,6,6,3,2,3,6,6,4,3,2,6,6,3,2,3,6,5,3,3,2,6,6,3,2,4,3.83333333333333,-.772398640724848,2
R_WDL6DGwZXpUIXSx,5,5,3,5,5,5,5,4,5,5,5,5,4,3,3,3,3,7,2,5,3,1, , , , , , , , , , , , , , , , , , , , , , , , , ,44,2,1,3,6,2,1,44,4,1,1,1,1,2,6,4,2,5,3,5,4,5,3,5,5,3,5,3,4,5,4,6,5,3,6,3,6,3,5,4.5,-.437121684537151,5
R_WinhgbxOIsaBEEp,5,3,3,5,4,4,5,6,4,3,5,4,5,5,6,3,3,4,5,3,5,2,5,4,4,2,3,4,5,4,4,3,5,3,6,3,4,4,4,5,2,4,4,5,4,2,3,27,1,1,2,6,2,1,27,5,1,1,1,1,2, , , , , , , , , , , , , , , , , , , , , , , , , ,3.33333333333333,-.854932173682861,5
R_wQLhCQxN2w72mQh,6,2,2,7,1,6,2,2,7,7,2,7,2,7,1,5,7,7,2,6,6,3,6,2,1,5,5,7,1,1,6,6,5,4,2,4,4,7,1,1,6,6,5,5,1,4,4,32,1,1,2,6,1,1,32,5,1,1,1,1,2, , , , , , , , , , , , , , , , , , , , , , , , , ,6.5, , 
R_wUgVyf0OUMO5px7,5,3,3,5,3,5,3,3,3,3,6,6,6,5,3,3,3,6,5,3,5,2,7,1,1,6,6,7,1,1,6,6,4,4,4,3,3,7,1,1,6,6,7,1,1,6,6,32,2,1,2,6,2,1,32,7,1,1,1,1,2, , , , , , , , , , , , , , , , , , , , , , , , , ,3.66666666666667,.677995575869417,5
R_XSW6F8jH90eiW5P,4,6,5,7,5,6,5,6,6,7,3,6,2,6,2,4,6,6,6,6,4,2,5,1,1,6,6,6,6,3,5,5,7,1,6,5,4,7,5,2,5,5,7,4,1,5,4,28,2,1,2,8,2,1,28,6,2,2,1,1,2, , , , , , , , , , , , , , , , , , , , , , , , , ,5.5,.265493927015019,4
R_YW722M5FPyPzI6B,5,2,2,6,1,6,2,1,1,1,6,2,5,1,7,2,1,2,7,1,4,3,5,3,2,4,4,6,2,2,5,5,5,3,3,4,4,7,2,1,6,6,3,5,5,2,2,39,1,1,2,6,2,1,39,5,1,1,1,1,2, , , , , , , , , , , , , , , , , , , , , , , , , ,1.5, , 
R_Z4Wq54pgfwnGJMJ,5,3,5,5,3,5,3,4,5,5,4,5,3,5,5,3,5,6,4,4,6,2,7,3,2,6,6,7,4,3,6,6,7,5,1,6,6,7,4,2,6,6,6,5,1,5,5,41,2,1,2,6,2,1,41,4,1,1,1,1,2, , , , , , , , , , , , , , , , , , , , , , , , , ,4.5,.552254162351631,6
R_z6m9oABySGW6mXf,4,2,2,7,2,7,2,2,6,6,3,6,3,6,3,6,6,6,2,6,3,1, , , , , , , , , , , , , , , , , , , , , , , , , ,35,2,1,2,6,2,1,35,5,2,1,1,1,2,7,1,1,6,6,7,1,1,6,6,7,1,1,6,6,7,1,1,6,6,7,7,1,6,6,5.75,.921215388623452,5
R_ZC2yRT6S0Cr8ru1,4,3,3,5,3,5,3,5,5,4,5,6,4,6,6,3,5,6,3,5,7,2,7,1,1,6,6,7,1,1,6,6,4,3,1,3,3,7,1,1,6,6,5,2,1,5,5,51,2,1,2,8,2,1,51,4,1,1,1,1,2, , , , , , , , , , , , , , , , , , , , , , , , , ,4.5,.634171546563631,7
R_ZluZ4rTSy62vepP,6,4,2,6,2,5,2,4,5,6,3,6,2,6,2,7,6,5,2,5,1,1, , , , , , , , , , , , , , , , , , , , , , , , , ,48,1,1,2,6,2,1,48,7,1,1,1,1,2,7,1,1,6,6,7,1,1,6,6,7,1,1,6,6,7,1,1,6,6,7,1,1,6,6,5.75,1.04127819941027,7
